Target_genes,Score
ARRDC4,398.7
DUX4,374.9
MTRNR2L2,348.0
MSH3,348.0
DOLPP1,342.2
MTRNR2L8,335.8
KIF5C,301.2
ZBTB32,295.9
PTPRN2,291.4
SLC25A41,286.0
KHSRP,286.0
POR,275.3
MAMDC2,263.8
ZNF775,262.9
WDR97,262.8
SHARPIN,262.8
MAF1,262.8
CYC1,262.8
IQCH,255.1
AAGAB,255.1
RNF13,249.3
CLDN9,249.2
RGPD2,248.4
POLG,248.2
PARK7,240.3
SPATC1L,231.5
SNX16,227.1
HMGCS1,226.1
SLC35E2B,225.4
STIP1,224.3
TAF15,223.4
KAT7,223.4
RASSF7,218.9
LMNTD2,218.9
CNOT6,215.6
TMEM160,215.5
SNAP29,214.9
PI4KA,214.9
PPIB,211.5
PITPNM1,204.9
MRPS24,202.2
UBE2C,200.9
PHRF1,199.2
AKIRIN1,197.9
CIC,197.4
PRR19,193.1
PAFAH1B3,193.1
TEPSIN,191.5
NDUFAF8,191.5
ZNF8,189.8
SLC35E2A,187.9
PFDN4,187.4
PROSER3,186.4
LIN37,186.4
HSPB6,186.4
FAM72C,186.0
MRPL20,184.2
CCNL2,184.2
HNRNPL,184.0
NOP56,183.6
COL23A1,180.7
ARAF,179.1
CNOT3,177.6
RNASEH2A,175.8
PRDX2,175.8
RAB4B,174.8
MIA,174.8
PTOV1,174.6
MTRNR2L1,171.9
HHIPL1,171.8
CCDC85C,171.8
RRM2,171.4
CNOT1,171.1
SRGAP2B,170.9
OGA,170.9
FAM72D,170.9
MYO9B,170.3
HAUS8,170.3
SMIM41,169.8
ATG101,169.8
WASL,169.6
TMEM45A,169.5
PGP,169.2
E4F1,169.2
MLST8,166.3
BRICD5,166.3
HBD,166.1
HBB,166.1
TUBB4B,164.7
FAM166A,164.7
PIK3R3,164.3
NUCB2,164.2
PDXDC1,164.0
TTC9B,163.5
CNTD2,163.5
SLC25A42,162.0
PRKACA,162.0
PLP2,161.5
MAGIX,161.5
TOP2A,161.3
FAM83D,161.1
UBA1,160.3
EED,160.1
TANGO2,158.2
CDON,158.2
ARVCF,158.2
TSKS,157.9
AP2A1,157.9
ANP32A,157.5
SHKBP1,156.9
GNB2,156.7
TRAF2,156.5
BZW2,156.2
ANKMY2,156.2
ATP6V0C,155.6
AMDHD2,155.6
SERTAD1,155.1
PSPN,155.1
ALKBH7,155.1
WDR38,153.2
RPL35,153.2
ARPC5L,153.2
PRKDC,152.5
MCM4,152.5
LOC102724770,150.8
DGCR6,150.8
USP15,150.6
ETV2,150.2
COX6B1,150.2
PRR3,148.6
GNL1,148.6
UIMC1,148.5
ARNTL,148.3
DBP,147.8
CA11,147.8
ZNF335,147.6
TAF6,147.0
SELENOW,147.0
MBLAC1,147.0
CNPY4,147.0
ANKRD39,146.7
ZMYM2,146.6
DNMT1,146.5
SOD2,146.2
UCHL3,145.6
COMMD6,145.6
HDAC1,144.6
ULK4,144.5
PCLAF,144.0
FBXO5,143.9
H3C15,143.8
H3C14,143.8
H2AC19,143.8
H2AC18,143.8
PRKCI,143.7
STPG3,143.5
H4C15,143.1
H4C14,143.1
SP2,142.8
UROS,142.2
BCCIP,142.2
C6orf226,141.8
ZNF519,140.2
RHBDD3,139.6
EWSR1,139.6
CDCA7L,139.6
TNNI3,139.3
PAXIP1,139.3
DNAAF3,139.3
SRGAP2C,138.0
FAM72B,138.0
TARDBP,137.8
RMND5B,137.7
KIF1B,137.7
METTL25,137.0
CCDC59,137.0
TRAPPC6B,136.2
PNN,136.2
HOMEZ,135.9
SRGAP2,135.2
FAM72A,135.2
GIT2,134.9
ANKRD13A,134.9
FRG2,133.9
NDST2,133.7
HNRNPA1,133.4
CBX5,133.4
SLC34A3,133.1
FUS,132.7
OGDH,132.4
FANCI,131.7
TBC1D17,131.4
RNF103-CHMP3,131.4
RMND5A,131.4
PNKP,131.4
AKT1S1,131.4
LIN54,131.0
KCTD2,130.9
ATP5PD,130.9
SKA2,129.3
PRR11,129.3
ANKRD12,129.2
LRCH4,129.1
FBXO24,129.1
PTP4A2,128.9
MYL12A,128.8
NCDN,128.4
KIAA0319L,128.4
SUN3,128.1
GOLGA6L10,128.1
C7orf57,128.1
LUC7L2,127.7
YY1AP1,127.6
DAP3,127.6
EIF3B,127.5
FAM53C,127.1
CDC25C,127.1
PPP5D1,126.7
CALM3,126.7
PDK2,126.2
CENPE,125.9
CASKIN1,125.9
UNG,125.0
ALKBH2,125.0
KMT5C,124.9
PANK2,124.7
NLK,124.5
FRAT2,124.5
FDFT1,124.5
ISOC2,124.3
COQ8A,124.0
PPP1R13L,123.8
EFNB2,123.8
CD3EAP,123.8
MRPS11,123.2
MRPL46,123.2
DISP3,123.0
TIGD5,122.5
EEF1D,122.5
OSBPL2,122.3
RRBP1,122.1
CMC2,122.0
CENPN,122.0
ATP5MC1,121.4
GPR84,121.0
PRKAG2,120.9
PMF1-BGLAP,120.8
PMF1,120.8
UBE2A,120.5
CXorf56,120.5
NFYC,120.4
LEMD2,120.3
PTDSS1,120.0
MTERF3,120.0
GTPBP6,119.9
DAZAP2,119.4
ZNF687,119.1
PRCP,119.1
DDIAS,119.1
KCTD7,118.6
PPDPF,118.2
PLAG1,118.0
CHCHD7,118.0
BAZ2A,117.7
ATP5F1B,117.7
SYVN1,117.1
PRDM10,116.9
FRAT1,116.9
WDR62,116.7
THAP8,116.7
PMVK,116.4
ZMYM5,116.1
FMC1-LUC7L2,116.1
FMC1,116.1
UBE2B,115.2
CDKL3,115.2
HNRNPC,115.1
ACTN1,115.1
HDGFL2,114.7
PIP4K2B,114.4
FOS,114.4
VBP1,113.0
STX16,112.9
CSNK2A1,112.9
UFSP2,112.7
C4orf47,112.7
MYT1,112.5
RBM42,112.3
AK2,112.3
ZSWIM4,111.7
TCP11L2,111.7
RPL19,111.7
CACNB1,111.7
GTF2IRD2,111.5
C2orf42,111.5
IQCE,111.4
BRAT1,111.4
TTBK2,111.3
ATG16L2,111.3
GOLGA6L4,111.1
PKDCC,110.9
CANX,110.6
PIF1,110.4
GTF2IRD2B,110.3
RPN2,110.1
PSIP1,110.1
MROH8,110.1
SULT1A4,109.9
SULT1A3,109.9
SLX1B,109.9
SLX1A,109.9
BOLA2B,109.9
BOLA2,109.9
GATAD2B,109.7
MYH14,108.9
ATP8A1,108.7
OSBP,108.3
ZFAND4,108.1
ZNF574,108.0
UQCRQ,107.9
LEAP2,107.9
GDF9,107.9
ARHGAP19,107.9
MADD,107.7
FANCF,107.7
IVD,107.5
SSNA1,107.3
ANAPC2,107.3
CNFN,107.0
RPL22,106.6
RNF207,106.6
ATG9B,106.6
ABCB8,106.6
UFD1,106.5
CDC45,106.5
OLFML2A,106.4
NR6A1,106.4
BOLA2-SMG1P6,106.4
TOM1,106.2
MSANTD4,105.7
DNAJC8,105.7
ATP5IF1,105.7
ING1,105.6
CARS2,105.6
OPA3,105.4
MTRNR2L9,105.2
RFX1,104.9
HNRNPUL1,104.7
SLC25A38,104.6
H2AZ2,104.5
INAVA,104.0
FASN,103.9
UQCRC2,103.8
PRMT1,103.6
KATNB1,103.6
CSPP1,103.5
COPS5,103.5
GIPC1,103.4
DGCR8,103.3
RAC3,103.2
CDK16,103.2
LRPPRC,103.1
BAZ1B,103.1
BCL6,102.3
MOCS3,101.6
DPM1,101.6
RLN2,101.4
KMT2E,101.3
SELENOH,101.2
DGAT2,101.1
CCDC116,100.7
SP1,100.5
TYK2,100.2
GOLGA6L3,99.8
SIPA1L2,99.7
TSPAN4,99.6
POLR2L,99.6
CD151,99.6
ACAT2,99.6
ENPP5,99.5
SIGMAR1,99.4
RBM27,99.4
GALT,99.4
YIF1A,99.2
TMEM151A,99.2
UCKL1,99.1
NARF,99.1
FOSL1,99.1
CYBC1,99.1
CCDC85B,99.1
F11R,99.0
PRR14,98.9
FBRS,98.9
CKAP5,98.9
SIRT2,98.8
NFKBIB,98.8
FZR1,98.7
DOHH,98.7
CCT5,98.5
ATPSCKMT,98.5
ALDH4A1,98.5
ZSWIM1,98.3
SPATA25,98.3
CTSA,98.3
CCDC102A,98.3
ADGRG5,98.3
SRI,97.8
PPFIA3,97.5
LIN7B,97.5
C19orf73,97.5
POLR2J3,97.1
ZBED6CL,97.0
LRRC61,97.0
ACTR3C,97.0
ZNF564,96.9
MTCH1,96.8
ANKHD1-EIF4EBP3,96.3
ANKHD1,96.3
ART1,96.2
ANKZF1,95.7
PSPH,95.5
MTMR12,95.5
CCT6A,95.5
MAMSTR,95.4
SPRYD3,95.1
PABPN1,95.1
MEIS1,95.1
GATAD2A,95.1
DIAPH1,95.0
DOT1L,94.9
MRPS31,94.4
DCUN1D4,94.4
SETD5,94.1
RUVBL2,94.1
GYS1,94.1
TNRC6B,93.9
G3BP1,93.8
ENSA,93.8
TPBG,93.7
SPTLC2,93.7
MARCKSL1,93.5
KLF6,93.5
CWC25,93.5
C17orf49,93.5
RAB7A,93.4
PRKCZ,93.4
JPT2,93.4
WASHC5,93.2
NSMCE2,93.2
KCNAB2,93.1
DYNLL1,92.5
C6orf62,92.5
TMEM242,92.4
WDR45,92.1
TOM1L2,92.1
DRC3,92.1
CD164,91.8
SMARCAL1,91.6
SHC1,91.4
MYL12B,91.4
IFT52,91.4
RLN1,91.2
FLAD1,91.2
CKS1B,91.2
CDKN3,91.2
CDIPT,91.1
PLEKHG5,91.0
P4HB,90.8
ARHGDIA,90.8
GOT1,90.7
TMEM218,90.5
PTCD3,90.4
POLR1A,90.4
SAP30L,90.2
PACSIN2,90.2
MRPL21,90.2
IGHMBP2,90.2
CDK5RAP2,90.2
PRR12,90.1
ABTB2,90.0
ZNF484,89.8
CNPY3,89.5
PPWD1,89.4
CENPK,89.4
VAMP2,89.3
PER1,89.3
CFAP221,89.3
CALU,89.3
GNG3,89.2
BSCL2,89.2
RAB40B,88.8
ACAP2,88.8
SASH1,88.6
LSR,88.6
CHCHD6,88.6
BCAS3,88.5
SDF2L1,88.4
LIPE,88.4
ANKRD10,88.4
TRPM4,88.3
SPSB3,88.3
MRPS34,88.3
HRC,88.3
EME2,88.3
NOL8,88.2
CENPP,88.2
ATF7-NPFF,88.2
ATF7,88.2
SF3A3,88.0
TOMM40,87.8
PPP6R3,87.8
TSPAN31,87.6
CDK4,87.6
AGAP2,87.6
USP31,87.4
SREK1IP1,87.2
CWC27,87.2
CEP164,87.2
NDUFB1,87.1
CPSF2,87.1
LENG1,87.0
YJU2,86.5
MUC3A,86.5
MBD1,86.0
CXXC1,86.0
EIF2D,85.7
CENPA,85.7
PKNOX1,85.6
RAB40C,85.5
NOC4L,85.5
DDX51,85.5
TMEM129,85.3
TACC3,85.3
SLBP,85.3
PAK4,85.2
ZFAND3,84.8
TFPT,84.8
SRM,84.8
SMC3,84.8
PRPF31,84.8
USPL1,84.6
HMGB1,84.6
EIF3F,84.4
PAIP2B,84.3
TTLL7,84.0
KANSL1,84.0
SLC46A3,83.9
MAPK9,83.9
ZNF138,83.5
SS18,83.5
FAAP24,83.4
CEP89,83.4
MPHOSPH8,83.3
AKR1E2,83.3
ZNF77,83.2
ZBTB3,83.0
POLR2G,83.0
METTL3,82.9
FRYL,82.9
LMTK2,82.7
KLC2,82.5
IER5L,82.5
ANKRD17,82.5
ZNF219,82.4
TMEM253,82.4
PLXNA3,82.4
PPP3CA,82.3
SPATA17,82.2
PPP2R5A,82.2
GPATCH2,82.2
FARSA,82.2
CALR,82.2
C21orf91,82.2
FLCN,82.1
ZNF92,81.7
BCL2L1,81.7
ZNF48,81.6
TBC1D10B,81.6
OXR1,81.6
MYLPF,81.6
RMI1,81.4
HNRNPK,81.4
RAB5B,81.2
PMEL,81.2
CDK2,81.2
MAOA,80.7
UBALD1,80.6
MGRN1,80.6
DNM2,80.4
PMEPA1,80.3
USP5,80.2
CDCA3,80.2
ARID3C,80.0
NOCT,79.9
ASH1L,79.8
FRG2C,79.7
EIF4A1,79.7
CD68,79.7
TMEM260,79.6
SPAG7,79.6
MIA2,79.3
ABHD2,79.2
UQCRH,79.1
MZT1,79.1
LRRC41,79.1
FAM126A,79.1
BORA,79.1
RNF6,79.0
ATN1,78.9
TPRN,78.8
TMEM203,78.8
SPAG8,78.8
NDOR1,78.8
HINT2,78.8
HSP90B1,78.7
RCN2,78.6
EIF2AK3,78.3
DRAP1,78.1
C11orf68,78.1
ZSCAN22,78.0
H4-16,77.9
H2AJ,77.9
NDUFS7,77.7
SRPK2,77.4
RITA1,77.4
DDX54,77.4
GOLPH3L,77.3
EAPP,77.2
TRAPPC9,77.1
RAVER1,77.1
ICAM3,77.1
SLX4IP,76.9
MKKS,76.9
MED23,76.9
ENPP3,76.9
TADA3,76.8
ARPC4-TTLL3,76.8
ARPC4,76.8
PXMP4,76.5
UTP18,76.0
TDRKH,76.0
MBTD1,76.0
NDUFS3,75.9
MAP1LC3B,75.9
KBTBD4,75.9
FBXO31,75.9
FAM180B,75.9
AFF1,75.9
PTCD2,75.7
MRPS27,75.7
TBL3,75.5
RPS2,75.5
RNF151,75.5
NOXO1,75.5
H4C9,75.2
H2BC12,75.2
H2AC12,75.2
HIBADH,74.8
SYNE4,74.7
SSBP1,74.7
POLR3B,74.7
LOC101927572,74.7
ATP5F1E,74.7
ALKBH6,74.7
CYTH2,74.6
ADAMTS9,74.6
FAM110A,74.5
SUPT4H1,74.4
RAB11B,74.3
KAT6B,74.2
ISG20,74.2
TP53I3,74.1
SF3B6,74.1
FAM228B,74.1
ZFYVE21,74.0
XRCC3,74.0
PTPN6,73.9
C12orf57,73.9
MIA3,73.8
LAPTM4A,73.5
DAB2IP,73.4
IGSF9B,73.3
STRIP1,73.2
HACD2,73.0
ZDHHC5,72.9
MTMR14,72.9
CLP1,72.9
KLK6,72.8
ZNF273,72.3
CCNB2,72.3
AP3M2,72.3
LRRC45,72.2
CENPX,72.2
TINAGL1,72.1
HSPA5,72.1
PAX8,72.0
SRXN1,71.7
NOP53,71.5
RHCE,71.3
PTPRH,71.3
MACO1,71.3
TCERG1,71.1
GTF2H2C_2,71.1
GTF2H2C,71.1
SORT1,71.0
PEX3,70.7
ADAT2,70.7
TIMM50,70.6
SFXN5,70.6
NECTIN3,70.5
TSR3,70.4
TMEM94,70.4
PI4K2A,70.4
MORN4,70.4
GNPTG,70.4
USP3,70.3
CBX8,70.3
VPS26B,70.0
NCAPD3,70.0
GET4,70.0
TDRD7,69.9
BCL9L,69.9
AGFG2,69.9
ZNF212,69.8
SCAND1,69.8
NADSYN1,69.8
MRM3,69.8
GLOD4,69.8
DHCR7,69.8
IL32,69.7
VDR,69.6
TEDC1,69.6
STK35,69.6
CRIP1,69.6
MAT2A,69.5
FCHSD2,69.4
KPNB1,69.3
FAM20B,69.3
TPST1,69.2
GTF2H2,69.2
GGCT,69.2
PGAP2,69.1
NUP98,69.1
RUVBL1,69.0
RGMB,69.0
ZNF695,68.9
TRIP10,68.8
GPR108,68.8
MSH2,68.7
SPNS1,68.6
RAD23A,68.6
LAT,68.6
ERV3-1-ZNF117,68.6
ERV3-1,68.6
RECQL,68.5
GOLT1B,68.5
WDR70,68.4
TPCN1,68.4
NUP155,68.4
FRMD6,68.2
TMEM60,68.0
PHTF2,68.0
MTF2,68.0
HEXA,68.0
UGP2,67.9
BUB1B,67.8
C20orf204,67.6
RAB1B,67.2
KDM4B,67.1
MAN2C1,67.0
LAMP1,66.9
IMMP1L,66.9
GATA2,66.9
ELP4,66.9
RAB28,66.8
PLEKHM3,66.8
KLF5,66.8
DROSHA,66.8
CCDC200,66.8
C5orf22,66.8
MRPS15,66.7
C1orf174,66.7
AP3S2,66.7
UBN1,66.6
HNRNPAB,66.6
GLYR1,66.6
STX18,66.5
PRKCSH,66.5
CCDC151,66.5
TACC1,66.4
RWDD1,66.4
CCDC174,66.4
ZSWIM3,66.3
ACOT8,66.3
ZNF789,66.1
NAGPA,66.1
DCAF7,66.1
ATP5MF-PTCD1,66.1
ATP5MF,66.1
TATDN3,66.0
NSL1,66.0
ZNF654,65.8
CGGBP1,65.8
WASF2,65.7
ACTL6A,65.6
TOB1,65.5
PDE6D,65.4
LZTS2,65.4
GLRX5,65.4
COPS7B,65.4
CCDC77,65.2
FBXO33,65.1
MRPL34,65.0
DDA1,65.0
COA1,65.0
ABHD8,65.0
ZNF680,64.9
PTBP1,64.8
DPP8,64.8
ADPGK,64.8
RAB3A,64.7
MYBL2,64.7
TESK2,64.6
MMACHC,64.6
GLO1,64.6
ZNF367,64.5
RBBP6,64.5
FAM227A,64.5
CBY1,64.5
VPS51,64.4
TMEM262,64.4
MYH10,64.4
STK11,64.2
CCDC61,64.2
GSN,64.1
HBP1,64.0
CDT1,64.0
APRT,64.0
ZSCAN25,63.8
LANCL2,63.8
DNAJB5,63.8
ZCCHC4,63.7
SMARCD2,63.7
RPS20,63.3
RGS14,63.3
PRPF40A,63.3
LMAN2,63.3
ARL6IP6,63.3
CTPS1,63.2
SARNP,63.1
PRRG2,63.1
ORMDL2,63.1
NOSIP,63.1
RBM14-RBM4,62.8
RBM14,62.8
NUP107,62.7
WDR74,62.5
UBALD2,62.5
STX5,62.5
RALY,62.4
GTF2H3,62.3
EIF2B1,62.3
ASPM,62.2
TOP1MT,62.1
RHPN1,62.1
HMGCR,62.1
DOK3,62.1
DDX41,62.1
TMEM248,62.0
PRR25,62.0
GNG13,62.0
TLE3,61.9
POLD1,61.9
NR1H2,61.9
KLF10,61.9
FSIP1,61.9
WHAMM,61.8
FSD2,61.8
SIN3A,61.7
MRPL44,61.7
AKT2,61.7
RBBP5,61.6
MCM10,61.6
STEAP2,61.5
HSCB,61.5
GOLGB1,61.5
CHEK2,61.5
CDK5RAP1,61.5
THRA,61.4
STT3A,61.4
KLHL25,61.4
ANAPC5,61.4
DNAJC30,61.3
BUD23,61.3
ATAD3B,61.3
SLC11A2,61.2
PRR5L,61.2
COMMD9,61.2
SLMAP,61.1
CLK3,61.1
RNF5,61.0
PGD,61.0
C7orf50,61.0
AGPAT1,61.0
AGER,61.0
TRAFD1,60.9
ZNHIT1,60.8
SNX33,60.8
PLOD3,60.8
NEMP1,60.8
LY6L,60.8
IMP3,60.8
FYN,60.8
DPY19L4,60.8
CUL2,60.8
CEP131,60.8
OARD1,60.6
NFYA,60.6
FAM156A,60.6
SLC24A1,60.5
SIRT4,60.5
PCYOX1L,60.5
INTS14,60.5
DIAPH3,60.5
GRIPAP1,60.3
PSMA7,60.2
MRPL45,60.2
EML2,60.2
TRIAP1,60.1
EHMT1,60.1
COX6A1,60.1
ARRDC1,60.1
EVI5L,59.9
ABHD11,59.9
WRAP53,59.8
TP53,59.8
GJD3,59.7
BZW1,59.7
COPZ1,59.5
SEC13,59.4
NUDT2,59.4
MYO19,59.4
KIF24,59.4
GGNBP2,59.4
FAM227B,59.4
DYRK1B,59.4
DTWD1,59.4
RGS5,59.3
NUF2,59.3
H2AX,59.3
DPAGT1,59.3
CASC3,59.3
ZBTB45,59.2
SLC27A5,59.2
RBM28,59.2
PPM1L,59.2
MOGS,59.2
LSG1,59.2
KIAA1841,59.2
SLC45A4,58.9
DNAJC28,58.9
NR1H3,58.8
ACP2,58.8
UTP23,58.7
SLC39A4,58.7
CPSF1,58.7
C16orf72,58.7
PHPT1,58.6
MAMDC4,58.6
AJM1,58.6
TMEM199,58.5
SEBOX,58.5
POLDIP2,58.5
FAR1,58.5
CEP63,58.4
ANAPC13,58.4
WDR31,58.3
UNC45B,58.3
PPP6R1,58.3
NLE1,58.3
DOK4,58.3
COMMD1,58.3
CCT4,58.3
BSPRY,58.3
ZFAND2A,58.2
CNNM2,58.2
TUSC2,58.1
TTF1,58.1
RBBP8NL,58.1
PCID2,58.1
HYAL2,58.1
HYAL1,58.1
CUL4A,58.1
CFAP77,58.1
ALKBH3,58.1
TK1,58.0
SDF4,57.9
B3GALT6,57.9
ZNF107,57.8
TRAPPC3,57.8
PER2,57.8
MAP7D1,57.8
CBWD5,57.8
C1orf198,57.8
BNIP1,57.8
ST3GAL3,57.7
TMEM230,57.6
SAR1B,57.6
PCNA,57.6
CDS2,57.6
RPTOR,57.5
RFWD3,57.5
MSMO1,57.4
PTMA,57.3
CBWD6,57.3
PCNX3,57.1
MAP3K11,57.1
HYOU1,57.1
ALG10B,57.1
ZNF830,57.0
RECQL4,57.0
MFSD3,57.0
LRRC14,57.0
EPN1,57.0
CCT6B,57.0
SMG8,56.9
JUNB,56.9
ERI3,56.9
SYCP2,56.8
STRIP2,56.8
PPP1R3D,56.8
FAM217B,56.8
NFIB,56.7
HSPBP1,56.7
FLYWCH1,56.7
BRSK1,56.7
DDX19B,56.6
AARS1,56.6
RPS11,56.5
RPL13A,56.5
NAT10,56.5
LRRC56,56.5
HRAS,56.5
TTC4,56.4
POMZP3,56.4
MACC1,56.4
CYCS,56.4
IARS1,56.3
TLE2,56.2
CHD9,56.2
WASHC2A,56.0
LARP4,56.0
IQCD,56.0
FBH1,56.0
FAM186A,56.0
CAMTA1,56.0
ANKRD16,56.0
TTC16,55.9
TMEM183A,55.9
PTRH1,55.9
HMBS,55.9
CFAP157,55.9
MYEOV,55.8
CBLB,55.8
PBX2,55.7
GPSM3,55.7
CENPF,55.7
PCNT,55.6
CFAP43,55.6
C21orf58,55.6
SLC2A8,55.5
ECH1,55.5
SEPTIN11,55.3
KANSL2,55.3
TDG,55.2
TBCB,55.2
SMC1A,55.2
RIBC1,55.2
POLR2I,55.2
OVOL3,55.2
C12orf73,55.2
ZNF165,55.1
OR1F12,55.1
PRRT1,55.0
PPT2,55.0
COG2,54.9
NUP214,54.8
MRPS23,54.8
LYRM1,54.8
DCUN1D3,54.8
SLC25A25,54.7
RMDN2,54.7
ODC1,54.7
NAIF1,54.7
MRPL16,54.6
PPP2R1A,54.5
MAPKAPK5,54.5
GDI1,54.4
ATP6AP1,54.4
ZNF143,54.3
MXD4,54.3
HNRNPR,54.3
GRK6,54.3
LCN12,54.2
FBXW5,54.2
C8G,54.2
TRIB1,54.1
NME1-NME2,54.1
NME1,54.1
LINGO1,54.1
HAGH,54.1
FAHD1,54.1
SFXN3,54.0
PDZD7,54.0
CELSR3,54.0
MYH9,53.9
SLC3A2,53.6
SDHAF3,53.6
PGC,53.6
NEURL2,53.6
LRRC59,53.6
H3C3,53.6
H2BC3,53.6
SC5D,53.4
FKBP3,53.4
FANCM,53.4
MLEC,53.3
AURKAIP1,53.2
ZNF195,53.1
NUMB,53.1
NRL,53.1
IPO11,53.1
GET3,53.1
DIMT1,53.1
DCAF11,53.1
C22orf39,53.1
ZNF555,53.0
ZBTB7B,53.0
TXNDC16,53.0
TMEM256,53.0
PLSCR3,53.0
NLGN2,53.0
LENEP,53.0
HINFP,53.0
GPR137C,53.0
LRATD2,52.8
WDR60,52.7
TRUB2,52.7
RBM39,52.7
NDUFAF1,52.7
FAM43A,52.7
DPP3,52.7
COQ4,52.7
TSFM,52.6
TBRG4,52.6
TMEM217,52.4
TBC1D22B,52.4
MRPL40,52.4
HIRA,52.4
H4C12,52.4
H4C11,52.4
H2BC15,52.4
H2AC15,52.4
ZBTB20,52.3
SNRNP25,52.3
POLR3K,52.3
MTIF2,52.3
CBWD3,52.3
TTLL4,52.2
STAT1,52.2
STAP2,52.2
SRPRA,52.2
MPND,52.2
LY6G6F-LY6G6D,52.2
LY6G6F,52.2
FOXRED1,52.2
EHBP1,52.1
CENPM,52.1
TMEM219,52.0
FAM98C,52.0
SNRPF,51.9
SEL1L,51.9
S100A13,51.9
S100A1,51.9
MBOAT2,51.9
CHTOP,51.9
CAAP1,51.9
SUPT5H,51.8
RPS16,51.8
CDC42BPG,51.8
ZNHIT2,51.7
ZNF609,51.7
RRP15,51.7
PSMF1,51.7
NPAS4,51.7
ZNRD1,51.6
ZNF837,51.6
SSR3,51.6
RPS5,51.6
PPP1R11,51.6
TPD52L2,51.4
TM9SF4,51.4
OSGIN1,51.4
IPO8,51.4
ABHD16B,51.4
RBM48,51.3
PEX1,51.3
BBX,51.3
CRADD,51.2
CHD6,51.2
CRYAA2,51.1
CRYAA,51.1
HUS1,51.0
HERC2,51.0
EEF1AKNMT,51.0
BMP5,51.0
SNX17,50.9
KIAA1217,50.9
EIF2B4,50.9
COMMD2,50.9
PALB2,50.8
DCTN5,50.8
INTS1,50.7
ENPP4,50.7
CLIC5,50.7
COQ7,50.6
AKAP8,50.6
WASHC2C,50.5
RPL5,50.5
MRPS35,50.5
ELMO2,50.5
DSTYK,50.5
CHKA,50.5
TEKT2,50.4
SYNGR3,50.4
RTTN,50.4
GFER,50.4
DCAF10,50.4
CRBN,50.4
ADPRS,50.4
TESC,50.3
NFE2L1,50.3
MANSC1,50.3
FRA10AC1,50.3
BORCS5,50.3
TXNDC15,50.2
TET3,50.2
TPRG1L,50.1
RPL37,50.0
LEKR1,50.0
CARD6,50.0
ZNF114,49.9
PLA2G7,49.8
MGAM2,49.8
ZNF774,49.6
UBL5,49.5
MTRNR2L10,49.4
TMX2,49.3
STAT6,49.3
MED19,49.3
GTF3C3,49.3
DPH2,49.3
B4GALT2,49.3
ATP6V0B,49.3
WAS,49.2
PEX12,49.2
NUPR2,49.2
CHCHD2,49.2
AP2B1,49.2
LSM5,49.1
INTS12,49.1
GSTCD,49.1
AVL9,49.1
SPTLC1,49.0
SPEF2,49.0
RPLP0,49.0
POLR3F,49.0
GCN1,49.0
DZANK1,49.0
CZIB,49.0
ZNF639,48.9
DDX1,48.9
CCT2,48.9
TECPR1,48.8
HEXIM1,48.8
DNAJC14,48.8
DDX46,48.8
PSAT1,48.7
PCOTH,48.7
PAN2,48.7
MIPEP,48.7
IL23A,48.7
FAM204A,48.7
CHMP3,48.7
C1QTNF9B,48.7
ARHGEF1,48.7
TMED9,48.6
MTBP,48.6
MRPL13,48.6
B4GALT7,48.6
ARL17B,48.6
ARL17A,48.6
PPCDC,48.4
MTX2,48.4
ZNF394,48.3
ZKSCAN5,48.3
TSN,48.3
TMEM223,48.3
TMEM179B,48.3
TARS2,48.3
OPRD1,48.3
MTFR2,48.3
RCL1,48.2
PDIA6,48.2
NDUFAF2,48.2
MBD4,48.2
IFT122,48.2
FTL,48.2
ERCC8,48.2
EFCAB7,48.2
CYB561D1,48.1
POLR2J2,47.9
OTUD7B,47.9
GARS1,47.9
DBNDD2,47.9
TTC26,47.8
TMEM222,47.8
SYT12,47.8
IMP4,47.8
CCDC115,47.8
TMEM101,47.7
ATXN7L3,47.7
ZMYND12,47.6
SRPK1,47.6
PPCS,47.6
ERCC1,47.6
CCDC30,47.6
TOR1AIP2,47.5
TOR1AIP1,47.5
RNF166,47.5
KCNIP2,47.5
E2F1,47.5
CTU2,47.5
SETD3,47.4
RBM15B,47.4
PCDH1,47.4
MANF,47.4
H2BC14,47.4
H2AC14,47.4
CREBRF,47.4
CCNK,47.4
MRPL48,47.3
MDM4,47.3
LRRC24,47.2
FBXO22,47.2
ETV5,47.2
ZBTB5,47.1
PPM1B,47.1
DCP1A,47.1
ZMPSTE24,47.0
TSPAN8,47.0
ADD1,46.9
ABT1,46.9
TOR1A,46.8
TIMM17B,46.8
PQBP1,46.8
NFX1,46.8
MPHOSPH10,46.8
MCEE,46.8
GTF3C5,46.8
FAF1,46.8
CDKN2C,46.8
VPS50,46.7
RBX1,46.7
HEPACAM2,46.7
DDX39A,46.7
CDKN2AIPNL,46.7
RRAGC,46.6
LRRC37A3,46.6
COTL1,46.6
SLC39A13,46.4
MVP,46.4
FAM98B,46.4
CAPRIN2,46.4
ABLIM1,46.3
TECR,46.2
SYP,46.2
SETDB2,46.2
PRICKLE3,46.2
OPA1,46.2
KNL1,46.2
KMT5A,46.2
DNAJB1,46.2
CAB39L,46.2
FANCD2,46.1
TRMT61B,46.0
MTHFD2,46.0
PTPN13,45.9
MVD,45.9
SND1,45.8
PNPO,45.8
ERCC2,45.8
CREB3L2,45.8
ZBTB46,45.7
YPEL2,45.7
POLR1B,45.7
SSBP2,45.6
C8orf33,45.6
SLC33A1,45.5
PKM,45.5
NXT1,45.5
H4C5,45.5
H3C4,45.5
H2BC7,45.5
H2AC7,45.5
TOMM22,45.4
MTR,45.4
MPRIP,45.4
TTLL11,45.3
THAP10,45.2
SUSD5,45.2
RPL6,45.2
PTPN11,45.2
LRRC49,45.2
IFI35,45.2
CYP2R1,45.2
ZNF341,45.1
ZNF207,45.1
SAMD4B,45.1
RAB14,45.1
GMFG,45.1
CATSPERG,45.1
C17orf75,45.1
TSEN54,45.0
SUGCT,45.0
PURB,45.0
PSMD4,45.0
MPLKIP,45.0
LLGL2,45.0
KRT8,45.0
INPP5B,45.0
FBXO38,45.0
CASKIN2,45.0
TAF10,44.9
RRP8,44.9
PDP2,44.9
MRPL1,44.9
INSIG1,44.9
ILK,44.9
NWD1,44.8
NSDHL,44.8
KANSL3,44.8
FER1L5,44.8
E2F6,44.8
CETN2,44.8
USP16,44.7
TPBGL,44.7
TNRC18,44.7
RWDD2B,44.7
OSCP1,44.7
LOC100129484,44.7
ID2,44.7
FAM156B,44.7
RTF2,44.6
RPS6KB2,44.6
PTPRCAP,44.6
NQO2,44.6
METTL1,44.6
FGFR4,44.6
EEF1AKMT3,44.6
DICER1,44.6
CYP27B1,44.6
C7orf25,44.6
TSPAN15,44.5
PACSIN3,44.5
BRWD1,44.5
ARFGAP2,44.5
ANP32E,44.5
ZNF584,44.4
RNF225,44.4
PSMD9,44.4
PSMD8,44.4
KIAA1257,44.4
HPD,44.4
EFCC1,44.4
CLCN3,44.4
CCDC43,44.4
BRIP1,44.4
ALG10,44.4
UMPS,44.3
SNRPD2,44.3
QPCTL,44.3
MFSD12,44.3
ADAMTS14,44.3
PSMA5,44.2
PPIP5K1,44.2
NFATC2IP,44.2
IDH3B,44.2
FEM1A,44.2
CKMT1B,44.2
ARID4A,44.2
HGS,44.0
GPATCH3,44.0
ERAP1,44.0
ARL16,44.0
ACTR1B,44.0
SLC26A2,43.9
NBN,43.9
MRPL3,43.9
CKMT1A,43.9
SF3A1,43.8
MORF4L2,43.8
CCDC157,43.8
BAG2,43.8
WAPL,43.7
VPS37A,43.7
MEIG1,43.7
MAST4,43.7
LMCD1,43.7
IFT27,43.7
CNOT7,43.7
SLC39A1,43.6
SLC25A28,43.6
PTPRA,43.6
MPZL1,43.6
DMAP1,43.6
CRTC2,43.6
CREB3L4,43.6
ARL14EP,43.6
UBOX5,43.5
SUPT7L,43.5
SLC4A1AP,43.5
RFX2,43.5
MED30,43.5
FASTKD5,43.5
EIF4A3,43.5
ZNF714,43.4
RHOT2,43.4
RHBDL1,43.4
NUP42,43.4
DNAJB12,43.4
CLCN7,43.4
MICAL2,43.3
LRRC75B,43.3
GGT1,43.3
FER,43.3
ELAC2,43.3
COPS4,43.3
ZNF786,43.2
WDR37,43.2
RP2,43.2
IDI1,43.2
GINS2,43.2
CCNB1,43.2
WBP1,43.1
TUT1,43.1
MTA2,43.1
LINC02210-CRHR1,43.1
INO80B,43.1
EMILIN2,43.1
TRIM45,43.0
STK40,43.0
LARP1,43.0
EEFSEC,43.0
DNAJC11,43.0
BLM,43.0
ZNF785,42.8
PSMD3,42.8
OS9,42.8
VAMP4,42.7
TFCP2,42.7
STIL,42.7
SEC11A,42.7
RGS13,42.7
PELATON,42.7
NRXN2,42.7
NDUFC2-KCTD14,42.7
NDUFC2,42.7
GSTO2,42.7
C16orf95,42.7
TMEM267,42.6
TMEM208,42.6
LRRC29,42.6
DRG2,42.6
DDX18,42.6
TMED2,42.5
TBC1D19,42.5
SYS1,42.5
PLEKHH3,42.5
MALL,42.5
CNTNAP1,42.5
CCR10,42.5
ZNF44,42.4
PRADC1,42.4
PODNL1,42.4
NFKBIL1,42.4
EHD4,42.4
DDX39B,42.4
DCAF15,42.4
CCT7,42.4
ATP6V1G2,42.4
SH2B1,42.2
PURA,42.2
NPR1,42.2
ILF2,42.2
FBXL19,42.2
DCPS,42.2
CHRDL2,42.2
SRCIN1,42.1
MTRR,42.1
KNSTRN,42.1
HSD17B12,42.1
FASTKD3,42.1
TEFM,42.0
MRPS17,42.0
WASHC4,41.9
RETSAT,41.9
PSMD11,41.9
POLR1D,41.9
LNX2,41.9
ZBTB18,41.8
P2RY2,41.8
HPS6,41.8
GPR137,41.8
ASL,41.8
ARMH3,41.8
WDR34,41.7
TAS1R1,41.7
SPOP,41.7
RSBN1L,41.7
POU3F1,41.7
NOL9,41.7
KCNK4,41.7
C10orf143,41.7
BCDIN3D,41.7
BAD,41.7
UBAP2,41.6
TAS1R3,41.6
KLHL12,41.6
KIF15,41.6
KIAA1143,41.6
INTS11,41.6
ESRRG,41.6
DRD4,41.6
DHDDS,41.6
CPTP,41.6
POLR2J,41.5
NTMT1,41.5
NBPF1,41.5
ZNF875,41.4
PGAM5,41.4
OIP5,41.4
NUSAP1,41.4
LPCAT4,41.4
ARL4A,41.4
ZWILCH,41.3
ZFAT,41.3
WDR11,41.3
SNAPC5,41.3
RPL4,41.3
PLS1,41.3
EPS8,41.3
EIF3E,41.3
DIABLO,41.3
C1GALT1,41.3
SRRM3,41.2
RBM15,41.2
PAAF1,41.2
COA4,41.2
ARHGEF7,41.2
ZNF513,41.1
ZNF296,41.1
VIPR1,41.1
UBE2F,41.1
TYW1,41.1
SBDS,41.1
RPL27,41.1
NSUN4,41.1
MYO1G,41.1
GEMIN7,41.1
ESYT2,41.1
CDC73,41.1
ACSF3,41.1
ZNF408,41.0
STOML2,41.0
SF3B5,41.0
SEPTIN4,41.0
RAD54L,41.0
PIGO,41.0
MTMR4,41.0
ARHGAP1,41.0
NDUFB3,40.9
FAM126B,40.9
ATR,40.9
TMEM161A,40.8
TICRR,40.8
QTRT1,40.8
PYGO2,40.8
PBXIP1,40.8
MOB4,40.8
LOC101928120,40.8
CDC23,40.8
ZNF770,40.7
TMBIM4,40.7
RARG,40.7
PCNP,40.7
KIF12,40.7
CLK1,40.7
BCL9,40.7
ADIPOR2,40.7
TMBIM6,40.6
NOL6,40.6
DDOST,40.6
C1QTNF5,40.6
AAR2,40.6
WDR81,40.5
TLCD2,40.5
MAP3K3,40.5
H2BC5,40.5
H1-4,40.5
GLCE,40.5
GALK2,40.5
EXD2,40.5
COPS2,40.5
TSACC,40.4
TRIM68,40.4
POLRMT,40.4
NUP93,40.4
MBTPS2,40.4
FGF22,40.4
FAAH,40.4
CCT3,40.4
BCL2L11,40.4
AP2S1,40.4
ZC3H10,40.3
RPL41,40.3
RNFT2,40.3
PPIP5K2,40.3
ITGA6,40.3
GLTP,40.3
GIN1,40.3
FDXACB1,40.3
ETNK1,40.3
ESYT1,40.3
DENND4A,40.3
C12orf49,40.3
C11orf1,40.3
ALG9,40.3
ZNF672,40.2
ZDHHC2,40.2
THAP9,40.2
SEC31A,40.2
SARS2,40.2
ROBO3,40.2
NELFB,40.2
MRPS12,40.2
MKNK2,40.2
CSNK1D,40.2
ARHGAP35,40.2
TP53INP1,40.1
SMIM4,40.1
NT5DC2,40.1
H4C4,40.1
FGF9,40.1
FAM133B,40.1
CLPB,40.1
CEP192,40.1
AMACR,40.1
PISD,40.0
KRR1,40.0
DUSP19,40.0
DUS2,40.0
DPEP2NB,40.0
DDX28,40.0
ZNF277,39.9
TXNIP,39.9
PDCD2L,39.9
FUT11,39.9
DOCK4,39.9
CHCHD1,39.9
ZNF57,39.8
SYNJ2,39.8
SLC9A1,39.8
PDIK1L,39.8
MRPL53,39.8
MCCC1,39.8
GHITM,39.8
ATG14,39.8
ADAP1,39.8
CAMLG,39.7
YWHAQ,39.6
TEAD1,39.6
TAF12,39.6
PTPN5,39.6
CRELD2,39.6
CCDC142,39.6
ALG12,39.6
ZNRF3,39.5
SERTAD3,39.5
PIN1,39.5
NUP54,39.5
ARHGEF38,39.5
TSSC4,39.4
TES,39.4
DUT,39.4
COX5A,39.4
VIRMA,39.3
TMEM87A,39.3
NARS1,39.3
NAGK,39.3
GUCA2A,39.3
GANC,39.3
DCP1B,39.3
AQR,39.3
UBE2I,39.2
SKA3,39.2
POFUT1,39.2
PLAGL2,39.2
MRPL57,39.2
LBR,39.2
FDXR,39.2
WDR6,39.1
TRMO,39.1
TIMM22,39.1
SCAMP1,39.1
MRPL55,39.1
MCM7,39.1
FAM118A,39.1
C1orf35,39.1
AP4M1,39.1
TMEM167B,39.0
RPS13,39.0
NYAP1,39.0
GSTT2B,39.0
GSTT2,39.0
FANCA,39.0
DERL1,39.0
DDTL,39.0
DDT,39.0
XPO4,38.9
SEMA4B,38.9
MPV17L2,38.9
ATP5MC2,38.9
AKR1A1,38.9
AASDH,38.9
TOB2,38.8
SRSF11,38.8
CD46,38.8
ZC3HC1,38.7
USP30,38.7
TMED3,38.7
RPL10,38.7
POC5,38.7
PIH1D1,38.7
OR6B2,38.7
NDUFA10,38.7
KMT2C,38.7
GINS1,38.7
ALDH16A1,38.7
WASF1,38.6
VARS2,38.6
STARD7,38.6
SMDT1,38.6
SEMA3B,38.6
RUSC2,38.6
RASL10A,38.6
PHETA2,38.6
NAGA,38.6
LNPEP,38.6
GTF2H4,38.6
GATB,38.6
GAS2L1,38.6
FBN1,38.6
CDC40,38.6
BORCS6,38.6
ADPRHL1,38.6
TTC17,38.5
TFDP1,38.5
SMN2,38.5
SMN1,38.5
SFSWAP,38.5
SFPQ,38.5
LRP6,38.5
CASZ1,38.5
AAAS,38.5
SUMF1,38.4
SRSF2,38.4
RLF,38.4
MFSD11,38.4
CCDC97,38.4
ZNF185,38.3
TMEM97,38.3
STXBP5,38.3
RTN4RL1,38.3
RORC,38.3
PFDN5,38.3
MYG1,38.3
MRPL39,38.3
DPH1,38.3
C2CD4D,38.3
TPP1,38.2
TOX4,38.2
TMEM41A,38.2
RAB2B,38.2
LFNG,38.2
HPS5,38.2
GTF2H1,38.2
GLIPR1L1,38.2
CYLD,38.2
CAPS2,38.2
BLOC1S6,38.2
AMD1,38.2
WDR53,38.1
TIGD3,38.1
NCOA2,38.1
MICU2,38.1
KIF22,38.1
H2BC6,38.1
GOLPH3,38.1
GNAL,38.1
FBXO45,38.1
CHMP1B,38.1
SRCAP,38.0
SNUPN,38.0
PLEKHB1,38.0
MBNL1,38.0
LOC730183,38.0
USP21,37.9
SSRP1,37.9
RNF139,37.9
P2RX3,37.9
NUP133,37.9
NDUFA12,37.9
EIF3J,37.9
COPS8,37.9
CDR2,37.9
ASF1B,37.9
ACYP2,37.9
YIPF3,37.8
UBE3B,37.8
TTC14,37.8
SULT2B1,37.8
RMI2,37.8
POLR1C,37.8
NSA2,37.8
NECTIN4,37.8
NCBP2AS2,37.8
NCBP2,37.8
LRRC73,37.8
KCTD10,37.8
GFM2,37.8
DAPK3,37.8
CLN5,37.8
TRIM2,37.7
SCYL3,37.7
RSL24D1,37.7
PDAP1,37.7
NUDT16,37.7
MAP2K1,37.7
JUP,37.7
GNAZ,37.7
EIF1,37.7
CLTC,37.7
BUD31,37.7
NDUFA5,37.6
GLCCI1,37.6
UFC1,37.5
TUFM,37.5
FOXK2,37.5
ERAL1,37.5
ZC3H6,37.4
SWSAP1,37.4
SECISBP2L,37.4
KRT19,37.4
KRT15,37.4
EIF3H,37.4
AKAP9,37.4
SLC12A6,37.3
NUTM1,37.3
NOP10,37.3
MRPL49,37.3
LRRC57,37.3
HAUS2,37.3
FOXJ3,37.3
FAU,37.3
ZNF324B,37.2
TRMT6,37.2
RPS19,37.2
NACA,37.2
MYLIP,37.2
MCM8,37.2
HLTF,37.2
GFM1,37.2
EXOSC8,37.2
CDK5RAP3,37.2
ALG5,37.2
VAMP1,37.1
U2SURP,37.1
PGBD4,37.1
NCAPD2,37.1
MRPS18C,37.1
MRPL51,37.1
HELQ,37.1
EMC7,37.1
CHD2,37.1
ARL6IP1,37.1
YKT6,37.0
TMEM189-UBE2V1,37.0
TMEM189,37.0
STMP1,37.0
PGBD2,37.0
BMF,37.0
UQCC1,36.9
SPRYD4,36.9
PDE7A,36.9
PCGF2,36.9
NF2,36.9
FMN1,36.9
CEP295NL,36.9
ACVR1B,36.9
TARS1,36.8
SLC37A3,36.8
RTN4IP1,36.8
RAB19,36.8
QRSL1,36.8
JRK,36.8
BRD3OS,36.8
RPS6,36.7
MMUT,36.7
GOT2,36.7
ERCC5,36.7
CENPQ,36.7
C2CD2L,36.7
STYXL1,36.6
SON,36.6
SMIM22,36.6
SLC35A3,36.6
ROGDI,36.6
PITX2,36.6
NEUROD2,36.6
HDAC4,36.6
GART,36.6
FBXO32,36.6
TBC1D13,36.5
SNRPB2,36.5
RMDN3,36.5
GCHFR,36.5
ETV4,36.5
CEP350,36.5
ATP9A,36.5
ASCC3,36.5
WDR36,36.4
SPAG1,36.4
RTKN2,36.4
POLR2K,36.4
MTG1,36.4
MARCHF3,36.4
IST1,36.4
C19orf33,36.4
UBE2J2,36.3
TRIP6,36.3
TRAF6,36.3
SRRT,36.3
RGS9BP,36.3
RAG1,36.3
PPIL3,36.3
NIF3L1,36.3
ANKRD27,36.3
AGL,36.3
ADAM15,36.3
SCRIB,36.2
RPEL1,36.2
RCE1,36.2
PHF20L1,36.2
PARP16,36.2
NPW,36.2
TSTA3,36.1
TRIOBP,36.1
TGDS,36.1
PYCR3,36.1
GPR180,36.1
ZNF691,36.0
VPS35L,36.0
VPS33A,36.0
SKIV2L,36.0
PSMD14,36.0
PRMT2,36.0
NELFE,36.0
MRPS33,36.0
FMNL3,36.0
CALCOCO1,36.0
AHCYL2,36.0
PPIA,35.9
NOP16,35.9
HIGD2A,35.9
GMNN,35.9
FAM111B,35.9
CSE1L,35.9
CD79A,35.9
CCDC124,35.9
C1QTNF12,35.9
ZSCAN32,35.8
ZNF174,35.8
UTP3,35.8
TMEM209,35.8
SSMEM1,35.8
RELN,35.8
PDE4A,35.8
INTS5,35.8
IL17D,35.8
GANAB,35.8
TMEM168,35.7
SLC6A6,35.7
RPL12,35.7
PARPBP,35.7
NUP37,35.7
MRPS10,35.7
MCM5,35.7
LRSAM1,35.7
FAM71E1,35.7
EMC10,35.7
ZWINT,35.6
TUBGCP3,35.6
RPUSD2,35.6
PARP2,35.6
NDUFB2,35.6
MTMR6,35.6
MORN2,35.6
DHX57,35.6
CCDC32,35.6
VWA3A,35.5
TTLL5,35.5
TNFSF15,35.5
PTCH1,35.5
PRSS22,35.5
PNPLA8,35.5
ERG28,35.5
TRMT2A,35.4
SLC12A9,35.4
RANBP1,35.4
PSMC4,35.4
PPA2,35.4
NR2C1,35.4
NOP14,35.4
MTF1,35.4
MAP11,35.4
LAMTOR4,35.4
GRK4,35.4
EXT1,35.4
CXCL5,35.4
ATXN1L,35.4
UNK,35.3
TP53BP1,35.3
RRN3,35.3
RPA2,35.3
PRKRIP1,35.3
NUDCD3,35.3
H3-3B,35.3
EPS15,35.3
B9D1,35.3
ATXN7L2,35.3
ACACA,35.3
ZNF669,35.2
TRIM29,35.2
RPS7,35.2
RGL2,35.2
PPP1R3F,35.2
PPM1K,35.2
PFDN6,35.2
NUP153,35.2
MEST,35.2
GPAT4,35.2
FOXP3,35.2
C1orf229,35.2
ATAD2,35.2
UMAD1,35.1
OTULIN,35.1
USP2,35.0
SNRPE,35.0
PAF1,35.0
NKD2,35.0
MRPL4,35.0
LEMD3,35.0
KIF18B,35.0
KCTD18,35.0
TNIP1,34.9
SUZ12,34.9
RBP4,34.9
PCIF1,34.9
HYKK,34.9
H4C8,34.9
COPS7A,34.9
BMS1,34.9
ARFGEF2,34.9
TRIM3,34.8
TMCO3,34.8
TIMM10B,34.8
TCF19,34.8
POU5F1,34.8
PNP,34.8
PIP4P1,34.8
NDUFAF5,34.8
HNRNPU,34.8
ESF1,34.8
EIF4H,34.8
DCUN1D2,34.8
CS,34.8
CETN3,34.8
CCHCR1,34.8
C8orf76,34.8
ARFIP2,34.8
API5,34.8
WIZ,34.7
SEPTIN2,34.7
PRDX1,34.7
OGG1,34.7
MFAP3,34.7
MED25,34.7
HDLBP,34.7
FUZ,34.7
FAM114A2,34.7
EIF5,34.7
COL6A2,34.7
ARHGEF19,34.7
SNX1,34.6
NUDT1,34.6
MRPL24,34.6
MRM2,34.6
MAD1L1,34.6
FRMD3,34.6
FOXN2,34.6
CIAO2A,34.6
AKAP13,34.6
ZNF81,34.5
TMEM91,34.5
TM7SF2,34.5
SECISBP2,34.5
CKS2,34.5
B9D2,34.5
ABCA7,34.5
ZDHHC13,34.4
TWISTNB,34.4
NHLRC1,34.4
MZF1,34.4
CYREN,34.4
CRYM,34.4
CNBP,34.4
AGK,34.4
ZNF425,34.3
ZNF398,34.3
TAF6L,34.3
RPS3A,34.3
RNF214,34.3
RAD51,34.3
PCSK7,34.3
PALM2AKAP2,34.3
MLH1,34.3
GRPEL2,34.3
EPM2AIP1,34.3
EIF1AD,34.3
DMTF1,34.3
CST6,34.3
BANF1,34.3
ADRM1,34.3
RGS11,34.2
RBM34,34.2
MMAA,34.2
FBXL14,34.2
FAM222B,34.2
EIF4G2,34.2
CTU1,34.2
COX7C,34.2
PDIA3,34.1
NFAT5,34.1
LRRC6,34.1
KDM4A,34.1
BFSP1,34.1
ZNRD2,34.0
ZNHIT3,34.0
UQCC3,34.0
TYW1B,34.0
SRP9,34.0
SLF1,34.0
SLA2,34.0
SHLD1,34.0
QTRT2,34.0
PSMG3,34.0
MPHOSPH9,34.0
LBHD1,34.0
KIAA0825,34.0
ITFG2,34.0
FAM89B,34.0
EHBP1L1,34.0
ECT2,34.0
CSKMT,34.0
CNEP1R1,34.0
CCDC191,34.0
C12orf65,34.0
C11orf98,34.0
ARHGEF5,34.0
ANGEL1,34.0
SLC25A19,33.9
RFXANK,33.9
PPM1D,33.9
PMPCB,33.9
PAFAH1B2,33.9
MANEAL,33.9
CUL5,33.9
BORCS8,33.9
TSSK4,33.8
TPRA1,33.8
TLE4,33.8
SSU72,33.8
RTRAF,33.8
RPL26,33.8
PRC1,33.8
MRPL58,33.8
MDP1,33.8
KRBA2,33.8
JPT1,33.8
IPP,33.8
EIF3M,33.8
CHMP4A,33.8
CENPU,33.8
BRIX1,33.8
ZC3H3,33.7
VPS29,33.7
USP48,33.7
UROC1,33.7
TSPAN33,33.7
TSEN15,33.7
TAF2,33.7
SNRPC,33.7
RAD9B,33.7
OXSR1,33.7
NCMAP,33.7
LIMS4,33.7
LIMS3,33.7
KIFBP,33.7
CLUH,33.7
CHST13,33.7
C9orf85,33.7
BECN1,33.7
ATG5,33.7
ABHD17B,33.7
TIMM17A,33.6
RINT1,33.6
PUS7,33.6
PERP,33.6
ORC5,33.6
MSTO1,33.6
LMOD1,33.6
HMGN1,33.6
CLPTM1,33.6
APOC2,33.6
TM9SF1,33.5
LATS2,33.5
KLHDC10,33.5
IPO4,33.5
CAT,33.5
BTN3A2,33.5
ZNF576,33.4
TRIM7,33.4
SPAM1,33.4
MTERF1,33.4
LMOD3,33.4
IRGQ,33.4
TADA2A,33.3
SLC39A2,33.3
SLC25A32,33.3
PIGW,33.3
NOLC1,33.3
NOL11,33.3
MFSD13A,33.3
METTL17,33.3
LENG8,33.3
LAG3,33.3
FRMD5,33.3
FIS1,33.3
EPHB4,33.3
DCAF13,33.3
CWF19L1,33.3
CEBPA,33.3
CCDC88A,33.3
C10orf95,33.3
TMTC3,33.2
TMEM127,33.2
SPEG,33.2
SIX5,33.2
PSMG2,33.2
NOL7,33.2
NDUFB5,33.2
MYO5C,33.2
MRPL47,33.2
GNL2,33.2
DMPK,33.2
CIAO1,33.2
CEP76,33.2
CEP290,33.2
THNSL1,33.1
SCFD1,33.1
POLR2M,33.1
POGLUT2,33.1
JTB,33.1
GPN3,33.1
FITM2,33.1
FAM216A,33.1
BIVM-ERCC5,33.1
BIVM,33.1
AQP6,33.1
AQP5,33.1
UXT,33.0
THOC5,33.0
SLC30A5,33.0
SLC24A4,33.0
PNPT1,33.0
PLEC,33.0
METTL2B,33.0
ELK1,33.0
CDC14B,33.0
BTNL9,33.0
YARS1,32.9
WDR61,32.9
S100PBP,32.9
RPS15A,32.9
PYCR2,32.9
PPFIBP1,32.9
MKRN2OS,32.9
MKRN2,32.9
ITSN1,32.9
INTS7,32.9
DTL,32.9
CRYZL1,32.9
VTA1,32.8
STARD3,32.8
PPP1R1B,32.8
NMBR,32.8
KRT18,32.8
GTPBP10,32.8
GSK3B,32.8
FZD1,32.8
FAM214B,32.8
CCDC90B,32.8
BANP,32.8
TMPO,32.7
TBC1D14,32.7
PDE8A,32.7
NUFIP1,32.7
GPALPP1,32.7
ASNS,32.7
UBL3,32.6
TMEM138,32.6
SPC25,32.6
SLAMF9,32.6
QRICH1,32.6
IGSF9,32.6
FKBP9,32.6
CYB561A3,32.6
CHPF2,32.6
ABCF2-H2BE1,32.6
ABCF2,32.6
VCP,32.5
TYMSOS,32.5
TYMS,32.5
TRAPPC2L,32.5
TPX2,32.5
THG1L,32.5
TANK,32.5
PABPN1L,32.5
OTUB1,32.5
NOTCH1,32.5
H2BU1,32.5
H2AW,32.5
GALNS,32.5
FANCG,32.5
B3GLCT,32.5
TRMT1,32.4
TCAF1,32.4
NACC1,32.4
NAA80,32.4
MIIP,32.4
MALSU1,32.4
KLHL20,32.4
IFRD2,32.4
HYAL3,32.4
H2BC17,32.4
H2AC17,32.4
ZDHHC12,32.3
STRAP,32.3
SDHD,32.3
ORC2,32.3
KDM4D,32.3
FURIN,32.3
CWC15,32.3
ZNF572,32.2
UQCC2,32.2
PCF11,32.2
H3C6,32.2
H2BC8,32.2
H2AC8,32.2
TULP3,32.1
TRDMT1,32.1
TCAF2,32.1
TARS3,32.1
SPAAR,32.1
SOS1,32.1
SLC25A10,32.1
MRPL12,32.1
HRCT1,32.1
CEBPG,32.1
ZNF76,32.0
ZNF740,32.0
SVEP1,32.0
SH3KBP1,32.0
PA2G4,32.0
MLLT3,32.0
METTL15,32.0
LIMS1,32.0
KIF18A,32.0
INO80C,32.0
GPR35,32.0
CSAD,32.0
XPOT,31.9
TCTEX1D4,31.9
PLK3,31.9
NDUFAB1,31.9
MTIF3,31.9
MAGEF1,31.9
GOLGA3,31.9
CFAP20,31.9
BTBD19,31.9
POLR2C,31.8
IZUMO1,31.8
HMX2,31.8
FUT1,31.8
FGF21,31.8
DLL3,31.8
C16orf89,31.8
ALG1,31.8
ZCCHC8,31.7
VPS52,31.7
UTP20,31.7
THOC3,31.7
TFB2M,31.7
TDRD1,31.7
SLC25A51,31.7
RPS27L,31.7
RPS18,31.7
KCNB2,31.7
FOLR1,31.7
EMC4,31.7
COMMD4,31.7
CNST,31.7
CCDC186,31.7
B3GALT4,31.7
TIPIN,31.6
NUS1,31.6
EIF2S1,31.6
DELE1,31.6
CENPS-CORT,31.6
CENPS,31.6
CCDC167,31.6
ATP6V1D,31.6
ZP3,31.5
ZBTB4,31.5
UBE2S,31.5
STX4,31.5
SLC35G6,31.5
RBM19,31.5
RAB24,31.5
PRELID1,31.5
POLR2A,31.5
PDCD6,31.5
ONECUT2,31.5
NUDT18,31.5
MXD3,31.5
H4C13,31.5
H3C11,31.5
H2AC16,31.5
H1-5,31.5
ZNF3,31.4
YWHAB,31.4
TMEM150A,31.4
SIT1,31.4
SERPINI1,31.4
RNF181,31.4
PDCD10,31.4
LOC101928764,31.4
HNRNPA2B1,31.4
EXOSC6,31.4
CTH,31.4
COPS6,31.4
CCDC107,31.4
CBX3,31.4
CBWD1,31.4
BPTF,31.4
ARHGEF39,31.4
ARHGAP32,31.4
ZBED5,31.3
XAB2,31.3
STXBP2,31.3
STAU1,31.3
STAT3,31.3
PTPA,31.3
PCP2,31.3
OTUB2,31.3
OR2W5,31.3
HINT1,31.3
GPR27,31.3
GCSAML,31.3
EIF4E3,31.3
CRAT,31.3
CHCHD3,31.3
CEP152,31.3
ZER1,31.2
UGGT1,31.2
TVP23B,31.2
TRAPPC6A,31.2
THBS4,31.2
SOWAHA,31.2
MTX3,31.2
MARCHF9,31.2
HEMK1,31.2
HAO1,31.2
C3orf18,31.2
BLOC1S3,31.2
ASAH1,31.2
ZNF668,31.1
ZNF646,31.1
UBAC1,31.1
SLF2,31.1
RDH5,31.1
PIDD1,31.1
NUDT15,31.1
DNAJA3,31.1
CORO7-PAM16,31.1
CORO7,31.1
C5orf51,31.1
C15orf41,31.1
BHLHE41,31.1
VPS35,31.0
TCTN2,31.0
SPATA5L1,31.0
SEH1L,31.0
RTF1,31.0
RRP7A,31.0
PJA2,31.0
ORC6,31.0
NAT16,31.0
MRPS14,31.0
LRRC58,31.0
GATM,31.0
DCXR,31.0
COMT,31.0
CDC42EP1,31.0
ZBTB11,30.9
SRSF7,30.9
SLC35A5,30.9
RPL24,30.9
POLR3E,30.9
DUSP12,30.9
ATG3,30.9
TUBA1C,30.8
TST,30.8
SLC44A1,30.8
RIMBP3C,30.8
RIMBP3B,30.8
RCHY1,30.8
PRLR,30.8
MRPL42,30.8
MPST,30.8
ETF1,30.8
CYRIB,30.8
ZNF497,30.7
TATDN1,30.7
STXBP3,30.7
RRS1,30.7
RPS3,30.7
RPS19BP1,30.7
RPP38,30.7
RAB11A,30.7
NDUFV1,30.7
NDUFB9,30.7
MXI1,30.7
LCA5,30.7
HIKESHI,30.7
COX18,30.7
CDC6,30.7
ATF4,30.7
ADHFE1,30.7
ACBD7,30.7
A1BG,30.7
TRAPPC4,30.6
TEX261,30.6
SYNGR4,30.6
RPS25,30.6
PHF20,30.6
PAIP2,30.6
NCL,30.6
CSNK1G1,30.6
AMOTL2,30.6
ALS2,30.6
ZFYVE19,30.5
SNRPB,30.5
RPLP2,30.5
RAPGEF6,30.5
RAG2,30.5
PNPLA2,30.5
NDUFAF3,30.5
MTG2,30.5
MEGF9,30.5
IMPDH2,30.5
IFTAP,30.5
DNAJC17,30.5
DEPTOR,30.5
DALRD3,30.5
TCF12,30.4
SUN1,30.4
SLC5A8,30.4
SACM1L,30.4
PHF8,30.4
PER3,30.4
NR1H4,30.4
LYZ,30.4
FHIT,30.4
FFAR4,30.4
BAX,30.4
VWA8,30.3
TMEM139,30.3
TMED1,30.3
SRP14,30.3
SMU1,30.3
FAM162A,30.3
DPH7,30.3
CCDC58,30.3
CASP2,30.3
ARSI,30.3
RNF14,30.2
PSMD6,30.2
PLPBP,30.2
NMNAT1,30.2
NEK10,30.2
NDC80,30.2
MVK,30.2
MMAB,30.2
METTL4,30.2
LZIC,30.2
KCTD9,30.2
GRN,30.2
EIF4B,30.2
CDCA2,30.2
BSDC1,30.2
ATMIN,30.2
ARPP19,30.2
ZNF180,30.1
VPS11,30.1
TSPOAP1,30.1
THAP4,30.1
PPP5C,30.1
PDSS2,30.1
NOXA1,30.1
NECAP2,30.1
NECAP1,30.1
MRI1,30.1
FBXW2,30.1
FAM120B,30.1
C19orf53,30.1
ATG4B,30.1
UCHL5,30.0
TUBA1B,30.0
SLC2A6,30.0
RO60,30.0
PPP4R3B,30.0
PHB,30.0
MAP3K13,30.0
COX16,30.0
COG3,30.0
ZNF25,29.9
TMEM120A,29.9
TBC1D22A,29.9
SLFN14,29.9
SEC22B,29.9
RIF1,29.9
RBM4,29.9
LAMTOR5,29.9
ASB6,29.9
TM7SF3,29.8
SUGT1,29.8
RPS26,29.8
RAD9A,29.8
PPP1CA,29.8
PMS1,29.8
ORMDL1,29.8
METTL9,29.8
MED21,29.8
MECP2,29.8
MCIDAS,29.8
FGD4,29.8
CCNC,29.8
CCDC86,29.8
ARIH1,29.8
VCPKMT,29.7
UFSP1,29.7
SRA1,29.7
SLC35A4,29.7
MAPK1IP1L,29.7
FEM1B,29.7
EGR2,29.7
CEP83,29.7
BORCS7,29.7
APBB3,29.7
ACHE,29.7
ZACN,29.6
WDR4,29.6
STARD3NL,29.6
SRP68,29.6
RPL27A,29.6
RORB,29.6
RANBP6,29.6
KIAA2026,29.6
ICE2,29.6
GALR2,29.6
EIF2AK1,29.6
CCNL1,29.6
BAHD1,29.6
TNFAIP8L2,29.5
TMOD4,29.5
SRGAP1,29.5
SCNM1,29.5
PLD3,29.5
PHF12,29.5
MSH5,29.5
MLKL,29.5
LYSMD1,29.5
FAM207A,29.5
EDEM2,29.5
DDAH2,29.5
CPEB3,29.5
CLIC1,29.5
C19orf47,29.5
ACSL3,29.5
TRAK1,29.4
SNAP47,29.4
RPL18A,29.4
RARS1,29.4
PRPF18,29.4
PC,29.4
NOC3L,29.4
MGAT4B,29.4
MAP3K7,29.4
LTC4S,29.4
KPNA2,29.4
KIAA0895,29.4
JMJD4,29.4
CLNS1A,29.4
ZNF777,29.3
USP36,29.3
SIVA1,29.3
PROM1,29.3
LTA4H,29.3
HSPE1-MOB4,29.3
HSPE1,29.3
HSPD1,29.3
HNRNPA1L2,29.3
CEP120,29.3
C8orf37,29.3
ARMC1,29.3
UNC13B,29.2
OGFOD1,29.2
NUDT21,29.2
ITPK1,29.2
HS3ST1,29.2
DNAJC5,29.2
CLDN4,29.2
CDC37L1,29.2
TMEM65,29.1
TMCO6,29.1
TIGD6,29.1
STAMBPL1,29.1
STAM2,29.1
SLC25A6,29.1
SERPIND1,29.1
R3HDM2,29.1
PLEKHN1,29.1
NUDC,29.1
NR0B2,29.1
NOC2L,29.1
NDUFB7,29.1
NDUFA2,29.1
MGAT1,29.1
LSM1,29.1
KLHL17,29.1
KIAA0895L,29.1
INHBC,29.1
IK,29.1
HMGXB3,29.1
CSDE1,29.1
CFAP298-TCP10L,29.1
CFAP298,29.1
CAND1,29.1
BOD1L1,29.1
BAG4,29.1
ATP7B,29.1
ARHGAP23,29.1
AOPEP,29.1
ALG11,29.1
ADNP,29.1
ZFYVE28,29.0
WDCP,29.0
THADA,29.0
SYNGAP1,29.0
SUCO,29.0
RAD52,29.0
RAB3GAP2,29.0
PHF1,29.0
PGGT1B,29.0
HYLS1,29.0
GCNT1,29.0
EOMES,29.0
CUTA,29.0
CTDSPL2,29.0
CMTR1,29.0
CFAP99,29.0
CEP135,29.0
BBS1,29.0
WDR93,28.9
SCNN1A,28.9
PPP1R10,28.9
PEX11A,28.9
MRPS18B,28.9
LTBR,28.9
DCTN4,28.9
ATAT1,28.9
AFAP1,28.9
ZBTB40,28.8
VCPIP1,28.8
UBR7,28.8
RHEB,28.8
OVCA2,28.8
GON7,28.8
COX6C,28.8
C8orf44-SGK3,28.8
SLC25A16,28.7
SHF,28.7
PKP4,28.7
MARCHF8,28.7
CCDC148,28.7
APTX,28.7
TRIM56,28.6
TRIM52,28.6
PUM3,28.6
POLE3,28.6
NUP205,28.6
MNAT1,28.6
FLOT2,28.6
DHRS13,28.6
DEPP1,28.6
DENND3,28.6
CPT1B,28.6
COX8A,28.6
CHKB,28.6
CARD8,28.6
C9orf43,28.6
ALAD,28.6
ZBTB6,28.5
TBCCD1,28.5
RC3H2,28.5
PSMB7,28.5
NPHP1,28.5
NOM1,28.5
MYH11,28.5
GTPBP8,28.5
FBXO4,28.5
DNAJB11,28.5
ACBD6,28.5
TMEM9,28.4
TIPARP,28.4
TFRC,28.4
RABGEF1,28.4
NT5C,28.4
NDRG3,28.4
HINT3,28.4
GALNT10,28.4
BICD1,28.4
YWHAG,28.3
UNKL,28.3
SLC22A18AS,28.3
P4HA1,28.3
ORMDL3,28.3
MRPL2,28.3
MNS1,28.3
LRRC37B,28.3
KLC4,28.3
GSDMB,28.3
GOSR1,28.3
EXOC3L1,28.3
E2F4,28.3
CYB5B,28.3
CUL7,28.3
CREM,28.3
CHD1L,28.3
C16orf91,28.3
ARPC1A,28.3
ANO6,28.3
UNC50,28.2
RRM1,28.2
RARS2,28.2
PIH1D2,28.2
PARL,28.2
ORC3,28.2
ING4,28.2
HOMER1,28.2
DDX21,28.2
COA5,28.2
TMTC2,28.1
SUFU,28.1
SNRNP35,28.1
SCAMP2,28.1
PREPL,28.1
NDUFA6,28.1
MAEA,28.1
DARS2,28.1
CMTR2,28.1
CENPL,28.1
CAMKMT,28.1
ATF6,28.1
ACTR1A,28.1
AARSD1,28.1
UNC45A,28.0
TRPV4,28.0
TM4SF1,28.0
SURF6,28.0
SEPTIN9,28.0
RXRA,28.0
REXO2,28.0
PPP1R14D,28.0
NOL10,28.0
NAV2,28.0
MRPL30,28.0
MKI67,28.0
MITD1,28.0
KCTD5,28.0
HDDC3,28.0
GSTA4,28.0
GAS2L3,28.0
FOXO3,28.0
FAM102A,28.0
ELF2,28.0
EIF2B5,28.0
DDX23,28.0
CYSTM1,28.0
BTBD11,28.0
BMP3,28.0
ZCWPW1,27.9
XPO1,27.9
WWP2,27.9
TBRG1,27.9
SYNCRIP,27.9
PSMG1,27.9
PPP1R35,27.9
POLD2,27.9
PHF23,27.9
NOB1,27.9
NIPA2,27.9
MEPCE,27.9
INTS4,27.9
HERC6,27.9
H3C13,27.9
H2BC18,27.9
GRAMD1A,27.9
GLS2,27.9
GABARAP,27.9
DVL2,27.9
C6orf89,27.9
ATG16L1,27.9
ACTR3,27.9
RAB8A,27.8
PTEN,27.8
POP7,27.8
NUP58,27.8
MFSD14A,27.8
LIN52,27.8
KLLN,27.8
H2BC4,27.8
H2AC6,27.8
C11orf65,27.8
ATG4C,27.8
ALDH6A1,27.8
TSKU,27.7
SMIM15,27.7
SAP30BP,27.7
RFC2,27.7
RECQL5,27.7
PITX3,27.7
NOL12,27.7
MRPL22,27.7
MKLN1,27.7
GEMIN5,27.7
GBF1,27.7
ATP5MC3,27.7
ZSWIM9,27.6
ZKSCAN8,27.6
XRRA1,27.6
TOMM40L,27.6
SPHK2,27.6
SPCS2,27.6
S100A2,27.6
RPL18,27.6
RFC3,27.6
PLEKHA8,27.6
LIG1,27.6
GSK3A,27.6
GFPT1,27.6
EZH2,27.6
ERF,27.6
APOA2,27.6
ZAR1L,27.5
WNK4,27.5
VPS25,27.5
UBE2Z,27.5
TTC9C,27.5
SSBP3,27.5
SPRYD7,27.5
SH3GL1,27.5
SGK2,27.5
RND1,27.5
NOL3,27.5
JAK2,27.5
HNRNPUL2,27.5
GTF2A2,27.5
FOXB1,27.5
DCLRE1B,27.5
CORO2A,27.5
CHAF1A,27.5
BRCA2,27.5
AP4B1,27.5
YBX1,27.4
WIPI1,27.4
SUSD1,27.4
PRMT3,27.4
PLCD3,27.4
KCTD15,27.4
EXOSC2,27.4
EXO1,27.4
CCDC113,27.4
ACBD4,27.4
ZDHHC17,27.3
WDR24,27.3
TRMT5,27.3
THOC1,27.3
SNX8,27.3
SLC38A6,27.3
SHANK3,27.3
PPIL4,27.3
PEBP1,27.3
ILF3,27.3
ID1,27.3
H4C2,27.3
H4C1,27.3
H3C1,27.3
H1-1,27.3
DDX27,27.3
ZNF384,27.2
TPGS1,27.2
SOAT1,27.2
RGL1,27.2
PDCD6IP,27.2
PCYT1A,27.2
PBLD,27.2
MTO1,27.2
HNRNPLL,27.2
HNRNPH3,27.2
GUK1,27.2
GJC2,27.2
FAM83E,27.2
ESCO2,27.2
DDX47,27.2
CGAS,27.2
CFLAR,27.2
ARPC5,27.2
ADK,27.2
ZNF26,27.1
TTI2,27.1
TPR,27.1
TPK1,27.1
SUPT20H,27.1
SMIM10L1,27.1
SLC19A2,27.1
RASGRF1,27.1
PROB1,27.1
PRH1-TAS2R14,27.1
PLEKHG4,27.1
ODR4,27.1
LMNB2,27.1
HM13,27.1
DHX8,27.1
CEP295,27.1
CCAR2,27.1
C8orf58,27.1
C11orf49,27.1
ACY1,27.1
ABHD17A,27.1
ABHD14B,27.1
ABHD14A-ACY1,27.1
ABHD14A,27.1
ZNF721,27.0
ZNF586,27.0
TMEM198,27.0
RFC5,27.0
PYCR1,27.0
PIGG,27.0
MYADML2,27.0
MRPL27,27.0
MDN1,27.0
MAP4,27.0
MAFG,27.0
IRS2,27.0
FAN1,27.0
EME1,27.0
DUSP6,27.0
CSTF1,27.0
CRCP,27.0
CIRBP,27.0
CHPF,27.0
CASP8AP2,27.0
AURKA,27.0
ARID3B,27.0
APMAP,27.0
ZNF768,26.9
ZNF747,26.9
TRIM65,26.9
TIMM23,26.9
TGOLN2,26.9
TCEA1,26.9
TAF3,26.9
STK19,26.9
SLC35F5,26.9
RAB10,26.9
PWP1,26.9
NDUFS2,26.9
MRPL38,26.9
LOC110384692,26.9
LACC1,26.9
HAP1,26.9
FLNA,26.9
EXOC4,26.9
ETFA,26.9
EMD,26.9
DXO,26.9
CCDC122,26.9
C4B_2,26.9
C4B,26.9
C4A,26.9
BDP1,26.9
ADAMTS4,26.9
UPK3BL2,26.8
TTYH3,26.8
SEPTIN5,26.8
NRF1,26.8
LIG4,26.8
GPRC5A,26.8
GP1BB,26.8
GADD45GIP1,26.8
FCF1,26.8
DECR1,26.8
CISD3,26.8
AREL1,26.8
ABHD13,26.8
ZSCAN9,26.7
ZNF598,26.7
TSEN34,26.7
TMEM53,26.7
TMEM238,26.7
TMEM190,26.7
TMEM175,26.7
TMCO1,26.7
SNX19,26.7
RPL28,26.7
RNF39,26.7
RIPOR3,26.7
RACGAP1,26.7
PPIG,26.7
MMP24OS,26.7
MMP24-AS1-EDEM2,26.7
MINDY2,26.7
KLF13,26.7
GPT2,26.7
GAK,26.7
FAM83C,26.7
EIF6,26.7
CDKAL1,26.7
ARMH1,26.7
AEN,26.7
WBP11,26.6
TBC1D15,26.6
SRF,26.6
PRPF38B,26.6
PCLO,26.6
ORC4,26.6
OGFOD2,26.6
NRDC,26.6
NCSTN,26.6
MBD5,26.6
L3MBTL2,26.6
ITGA7,26.6
IL1F10,26.6
HIRIP3,26.6
H3C8,26.6
H2BC10,26.6
FILIP1L,26.6
CUL9,26.6
CSRNP1,26.6
COPA,26.6
C12orf60,26.6
BICRA,26.6
ARL6IP4,26.6
ABCB9,26.6
ZNF696,26.5
VPS45,26.5
SLC7A6OS,26.5
SLC17A7,26.5
SESN1,26.5
SCAF11,26.5
RNF34,26.5
PRMT7,26.5
NUCKS1,26.5
BMP2,26.5
ZNF250,26.4
ZDHHC24,26.4
UBE2L3,26.4
TMPRSS4,26.4
SMIM35,26.4
SDE2,26.4
RBM22,26.4
PAXBP1,26.4
NUFIP2,26.4
NAP1L4,26.4
MTHFS,26.4
MMP28,26.4
LGR6,26.4
KIFC1,26.4
KDM5A,26.4
GOLGA5,26.4
GGCX,26.4
ACTN3,26.4
ZNF358,26.3
RNASEH2C,26.3
PRMT9,26.3
MCOLN1,26.3
KAT5,26.3
ITPRID1,26.3
IRF2BP2,26.3
HSPH1,26.3
GMPPB,26.3
FRG1,26.3
FOXJ2,26.3
EHD1,26.3
CELF1,26.3
C19orf48,26.3
C15orf61,26.3
AMIGO3,26.3
TMED4,26.2
THUMPD1,26.2
SLCO4A1,26.2
SEC24A,26.2
PPIH,26.2
MFN2,26.2
MED15,26.2
MACROD1,26.2
KDF1,26.2
GPHN,26.2
FKBP8,26.2
EIF4EBP3,26.2
DMXL1,26.2
DISP2,26.2
DDX56,26.2
CBLL1,26.2
BRPF3,26.2
XPO6,26.1
SPG11,26.1
RNH1,26.1
RASSF6,26.1
PUS7L,26.1
IRAK4,26.1
GNA12,26.1
FOXO3B,26.1
DMWD,26.1
CYP24A1,26.1
ZNF446,26.0
ZNF324,26.0
WSB2,26.0
SLC25A45,26.0
SEM1,26.0
RHBDD2,26.0
RHBDD1,26.0
PSMD1,26.0
PPP3CB,26.0
PAFAH2,26.0
MORF4L1,26.0
GABPB2,26.0
GABARAPL1,26.0
FRMD8,26.0
ECE1,26.0
DR1,26.0
C18orf21,26.0
ZNF688,25.9
TMEM68,25.9
TGS1,25.9
SLC35B4,25.9
SELENOT,25.9
RBM12,25.9
PTPRR,25.9
PIK3C2B,25.9
CYP51A1,25.9
CPNE1,25.9
YWHAE,25.8
YPEL4,25.8
TOMM6,25.8
THAP5,25.8
SUMF2,25.8
SLC26A6,25.8
RAD21,25.8
PRICKLE4,25.8
NHP2,25.8
NCOA3,25.8
LCMT2,25.8
KRT39,25.8
HSP90AB1,25.8
FRS3,25.8
FAM185A,25.8
DNAJB9,25.8
CNNM3,25.8
ATAD3A,25.8
ARHGEF16,25.8
ADAL,25.8
TOLLIP,25.7
TANGO6,25.7
SYBU,25.7
PYROXD2,25.7
GLIS1,25.7
GBX1,25.7
CLYBL,25.7
CALHM3,25.7
AMMECR1L,25.7
ZNF17,25.6
TUT7,25.6
STK32C,25.6
SPC24,25.6
RNF7,25.6
PSMA4,25.6
NQO1,25.6
LRRC27,25.6
LETMD1,25.6
GPSM1,25.6
EFHC1,25.6
DZIP3,25.6
CIP2A,25.6
CARD9,25.6
C12orf66,25.6
AP5Z1,25.6
AKTIP,25.6
AATF,25.6
ZNF655,25.5
ZNF581,25.5
ZNF580,25.5
ZNF101,25.5
UBAP2L,25.5
TMEM170A,25.5
TEX46,25.5
TASP1,25.5
PDHX,25.5
LGMN,25.5
KDM1A,25.5
FAM200A,25.5
COQ9,25.5
CIAPIN1,25.5
CACNB3,25.5
C1orf43,25.5
ATP13A1,25.5
ARF4,25.5
APIP,25.5
TMEM204,25.4
SUPV3L1,25.4
STPG1,25.4
SLC9A3R2,25.4
RPS15,25.4
RPL36AL,25.4
RASA1,25.4
PRPSAP1,25.4
PEF1,25.4
NXF1,25.4
NIPAL3,25.4
MGAT2,25.4
IFT140,25.4
CTNND1,25.4
CRAMP1,25.4
C2CD5,25.4
BTBD18,25.4
AP4E1,25.4
ZNF248,25.3
UBC,25.3
TJP2,25.3
SNX13,25.3
SERINC3,25.3
RGPD8,25.3
RGPD6,25.3
RGPD5,25.3
PKIG,25.3
PIKFYVE,25.3
PFDN2,25.3
OLIG1,25.3
NIT1,25.3
MPI,25.3
IGF1R,25.3
GLIS2,25.3
EIF3CL,25.3
EIF3C,25.3
CLDN3,25.3
CCDC137,25.3
ZMAT2,25.2
VPS13B,25.2
PYROXD1,25.2
PDCD7,25.2
NUP62,25.2
NDUFS4,25.2
MRTO4,25.2
MPZL3,25.2
IPPK,25.2
IL4I1,25.2
HARS2,25.2
HARS1,25.2
ETV6,25.2
EMC1,25.2
CCNI,25.2
ATF5,25.2
VKORC1,25.1
UBR4,25.1
TCAIM,25.1
SNRNP200,25.1
SNAPC4,25.1
RPF2,25.1
PRSS53,25.1
PHLDA1,25.1
LARP4B,25.1
KIAA1958,25.1
IPO9,25.1
H4C3,25.1
H1-6,25.1
GPR15,25.1
ESRP1,25.1
ERCC6L2,25.1
EIF2B3,25.1
E2F3,25.1
CRY2,25.1
CPT1A,25.1
CLDND1,25.1
C9orf147,25.1
ANO3,25.1
VPS4B,25.0
TDP2,25.0
STOML1,25.0
SPDYE5,25.0
SPDYE16,25.0
SF3B2,25.0
RYR3,25.0
RSU1,25.0
PML,25.0
NOD1,25.0
GAL3ST3,25.0
ENTPD7,25.0
ACOT13,25.0
ZCCHC17,24.9
UTP11,24.9
SNRNP40,24.9
RRP9,24.9
RPAP2,24.9
PSENEN,24.9
PIMREG,24.9
PARP3,24.9
IGFLR1,24.9
IGF2,24.9
GPN2,24.9
GLMN,24.9
FHL3,24.9
C11orf24,24.9
ALKBH8,24.9
AIPL1,24.9
ZC3H7A,24.8
VPS28,24.8
SYT8,24.8
RNMT,24.8
RABGAP1L,24.8
NCK1,24.8
MFAP4,24.8
MAPK7,24.8
MAP4K1,24.8
KIF3B,24.8
HMGB2,24.8
FAM210A,24.8
EIF3K,24.8
COL21A1,24.8
ZBTB49,24.7
VPS37B,24.7
TREM1,24.7
RAB18,24.7
PPM1H,24.7
OR10H5,24.7
LYAR,24.7
L3HYPDH,24.7
KRAS,24.7
JKAMP,24.7
GDI2,24.7
EPB41L1,24.7
CTNNBL1,24.7
CCDC126,24.7
ANKRD40,24.7
ANKAR,24.7
UTP6,24.6
TUBB,24.6
TTC31,24.6
TMEM216,24.6
TMCC2,24.6
TM4SF4,24.6
TBC1D31,24.6
RNF26,24.6
PLPP2,24.6
PAX4,24.6
MTOR,24.6
MDC1,24.6
LYPLAL1,24.6
HOXA3,24.6
HACL1,24.6
H3Y2,24.6
GSTK1,24.6
CIPC,24.6
CDK12,24.6
CALM1,24.6
BUB3,24.6
BTD,24.6
ZSCAN20,24.5
UBE2M,24.5
UACA,24.5
SNRPD3,24.5
MTDH,24.5
KMT2A,24.5
HSP90AA1,24.5
GUCD1,24.5
FAM3C,24.5
ELMOD2,24.5
CHMP2A,24.5
ANKRD36,24.5
AFF4,24.5
ABRAXAS1,24.5
ZNF720,24.4
ZNF300,24.4
XRCC6,24.4
VPS41,24.4
UBE2T,24.4
TNFAIP8,24.4
THUMPD3,24.4
PPP1R12B,24.4
NDUFA9,24.4
NANP,24.4
MNX1,24.4
KIF20B,24.4
GPAM,24.4
GALNT18,24.4
FAM193B,24.4
EPHB3,24.4
DESI1,24.4
CEBPZ,24.4
AKAP3,24.4
ZFYVE1,24.3
ZDHHC16,24.3
ZCCHC9,24.3
WDR87,24.3
WBP2,24.3
TM2D3,24.3
STN1,24.3
SIPA1L3,24.3
RPP21,24.3
RANBP2,24.3
PSMD7,24.3
MBD6,24.3
IRX2,24.3
FBXL18,24.3
EXOSC1,24.3
DDIT3,24.3
C5orf38,24.3
VASH2,24.2
VAMP7,24.2
TSPAN17,24.2
TBX3,24.2
TAF8,24.2
PLEKHF2,24.2
LUC7L3,24.2
EEF1AKMT2,24.2
CCND3,24.2
CBY3,24.2
ABRAXAS2,24.2
WDTC1,24.1
RFX7,24.1
PIAS4,24.1
MBOAT1,24.1
MAGOHB,24.1
JOSD2,24.1
GOLGA8J,24.1
CHD5,24.1
C17orf50,24.1
C15orf40,24.1
BBC3,24.1
ASPDH,24.1
TXNRD1,24.0
PIK3CD,24.0
PADI2,24.0
OAZ3,24.0
NSRP1,24.0
MRPL9,24.0
KTI12,24.0
IL17RB,24.0
FGFR1,24.0
ESPL1,24.0
DHRS3,24.0
CHDH,24.0
CHD8,24.0
AK1,24.0
PTPN21,23.9
PAQR5,23.9
PANK3,23.9
NUP35,23.9
NPC2,23.9
NAALADL2,23.9
LEO1,23.9
KANK3,23.9
ITGB3,23.9
ISCA2,23.9
FBXO46,23.9
ERICH4,23.9
DMAC2,23.9
BCAS4,23.9
ADGRG7,23.9
ZNF587B,23.8
ZNF33B,23.8
WDYHV1,23.8
TIMMDC1,23.8
TIGD4,23.8
SNTB1,23.8
SLC52A3,23.8
RHEBL1,23.8
NAXD,23.8
MFSD1,23.8
KMT2D,23.8
IRF1,23.8
INKA2,23.8
HNRNPA0,23.8
ARFIP1,23.8
ZNF823,23.7
ZNF430,23.7
VWA7,23.7
TRIM59,23.7
TMED7-TICAM2,23.7
TMED7,23.7
LAD1,23.7
KCNE3,23.7
GPATCH1,23.7
CXCL17,23.7
CDKN2B,23.7
ZNF225,23.6
UVRAG,23.6
TACO1,23.6
SLC39A3,23.6
SHOC2,23.6
SHMT1,23.6
RPH3AL,23.6
RAB6A,23.6
PUF60,23.6
PIP5KL1,23.6
PIGS,23.6
PHAX,23.6
P2RY11,23.6
MTPN,23.6
LUZP6,23.6
EIF3G,23.6
DPM2,23.6
DNAH6,23.6
BBIP1,23.6
ALDOC,23.6
ALDH7A1,23.6
PPP1R7,23.5
PASK,23.5
MAN2B2,23.5
GSC2,23.5
GABRE,23.5
FAM117A,23.5
BCL3,23.5
B2M,23.5
ZNF169,23.4
XPR1,23.4
SYF2,23.4
SRSF1,23.4
SFT2D1,23.4
SCRN2,23.4
SCGB1C2,23.4
PPP2R5E,23.4
PES1,23.4
OSGEP,23.4
MRNIP,23.4
IFNAR1,23.4
HES6,23.4
CYP27C1,23.4
CCNF,23.4
APEX1,23.4
APBB2,23.4
ZNHIT6,23.3
ZGRF1,23.3
TMEM88,23.3
TIMM10,23.3
RDX,23.3
PGK1,23.3
NAA38,23.3
LARP7,23.3
INPP5K,23.3
GNAS,23.3
CYB5D1,23.3
ZHX1-C8orf76,23.2
ZHX1,23.2
ZC2HC1C,23.2
WFS1,23.2
TMEM9B,23.2
TMEM79,23.2
TMEM70,23.2
SMG5,23.2
PPIL1,23.2
PALD1,23.2
OR2B2,23.2
NOTCH2NLA,23.2
MRM1,23.2
METAP2,23.2
LRWD1,23.2
LAMB3,23.2
GOLGA8G,23.2
GOLGA8F,23.2
FICD,23.2
ELOC,23.2
DHRS11,23.2
DEDD,23.2
CRYBG1,23.2
B4GALNT3,23.2
ALKBH4,23.2
ALDH3B2,23.2
ACYP1,23.2
ZNF148,23.1
SPATA2L,23.1
RPS6KC1,23.1
REX1BD,23.1
RAD51D,23.1
NUDCD1,23.1
NSUN5,23.1
MUC12,23.1
MAGI3,23.1
HIP1,23.1
FNDC8,23.1
EPHB2,23.1
ENY2,23.1
COQ10B,23.1
CCDC91,23.1
C15orf62,23.1
BUD13,23.1
AGBL3,23.1
UTP25,23.0
TXNDC9,23.0
TSPYL1,23.0
TOMM34,23.0
SYT7,23.0
STK4,23.0
SQSTM1,23.0
SLC23A1,23.0
RPLP1,23.0
RNF216,23.0
REXO5,23.0
PROS1,23.0
NKIRAS2,23.0
NCAPH2,23.0
MARCHF7,23.0
LMF2,23.0
KBTBD6,23.0
JMJD7-PLA2G4B,23.0
JMJD7,23.0
GPA33,23.0
ERI2,23.0
EIF5B,23.0
DNAJC7,23.0
CSTB,23.0
CELA3A,23.0
ARL13B,23.0
UFL1,22.9
UBE4B,22.9
SRFBP1,22.9
PPP2R5B,22.9
PCTP,22.9
PCNX4,22.9
NELFA,22.9
NEK1,22.9
MYH7B,22.9
MATN1,22.9
MAPK1,22.9
LAMTOR1,22.9
HIPK4,22.9
GSS,22.9
DHX35,22.9
CCDC15,22.9
AUH,22.9
ATG2A,22.9
ANXA2,22.9
ANAPC15,22.9
ZNF787,22.8
TADA2B,22.8
SPRED1,22.8
SNCB,22.8
RNF31,22.8
PSME2,22.8
PSME1,22.8
PSMC2,22.8
PPP1R12A,22.8
PLAAT5,22.8
PDS5A,22.8
LRRC47,22.8
KDM3A,22.8
IREB2,22.8
GSX1,22.8
FAF2,22.8
EMC9,22.8
EIF4E1B,22.8
DNAJC2,22.8
CDK7,22.8
CCDC96,22.8
ZMYND8,22.7
VAC14,22.7
SRP54,22.7
RRP1,22.7
PRR22,22.7
OXNAD1,22.7
MAP3K5,22.7
LMO7,22.7
HMGN3,22.7
DUSP10,22.7
DUS3L,22.7
DPH3,22.7
CSNK1G3,22.7
COMMD5,22.7
CHMP4B,22.7
CAPNS1,22.7
CABP7,22.7
BOD1,22.7
AP2A2,22.7
UVSSA,22.6
USP45,22.6
TSTD3,22.6
TNS3,22.6
SLC25A4,22.6
SHCBP1,22.6
SESN3,22.6
SENP8,22.6
ROCK2,22.6
PNKD,22.6
MYO9A,22.6
MED4,22.6
GPRC5C,22.6
GPBAR1,22.6
FAM172A,22.6
FAM149B1,22.6
EXPH5,22.6
ECD,22.6
CROT,22.6
CIAO3,22.6
ARHGEF9,22.6
AAMP,22.6
WDR90,22.5
WDR27,22.5
TTC23,22.5
TSR2,22.5
TSPAN10,22.5
TMEM237,22.5
TCTN3,22.5
PTPRT,22.5
NPLOC4,22.5
MAP1A,22.5
LRRC28,22.5
LNX1,22.5
KHK,22.5
KDM4C,22.5
IKZF5,22.5
ICE1,22.5
H3C2,22.5
H2AC4,22.5
FCHO2,22.5
EMILIN1,22.5
CCDC146,22.5
C6orf120,22.5
ACADSB,22.5
UEVLD,22.4
TOMM7,22.4
TACR2,22.4
SNX12,22.4
RBM8A,22.4
RANBP17,22.4
PRLHR,22.4
PEX11B,22.4
NDUFAF4,22.4
NAA40,22.4
MFSD4B,22.4
MAML3,22.4
LOC100130520,22.4
LARP6,22.4
KLHL32,22.4
ERICH6,22.4
CD300H,22.4
CCNJ,22.4
C17orf77,22.4
BCL7A,22.4
ASPSCR1,22.4
ARFGAP1,22.4
ANXA11,22.4
ZNF292,22.3
TXNL4B,22.3
SNX11,22.3
SIGIRR,22.3
SF3B4,22.3
RASL12,22.3
MTMR11,22.3
LSM14B,22.3
KBTBD13,22.3
HSPA6,22.3
DPY19L3,22.3
DHX38,22.3
DCAF4,22.3
CYB5A,22.3
CBX1,22.3
ZNF365,22.2
ZNF211,22.2
YTHDF2,22.2
WDR55,22.2
TMA16,22.2
SLC25A22,22.2
SFN,22.2
RFFL,22.2
PCSK9,22.2
PANO1,22.2
METTL18,22.2
LRRC40,22.2
LGALS4,22.2
IFRD1,22.2
DND1,22.2
DENND2D,22.2
DCBLD2,22.2
CEND1,22.2
C1orf112,22.2
ANO10,22.2
ABHD5,22.2
ZNF546,22.1
WDR7,22.1
WDR25,22.1
WBP1L,22.1
WARS1,22.1
UBE3C,22.1
ROM1,22.1
PARP12,22.1
MARCHF2,22.1
KRIT1,22.1
HNRNPD,22.1
HIGD2B,22.1
HAUS5,22.1
GALR3,22.1
ESCO1,22.1
EML3,22.1
COA7,22.1
BBS4,22.1
B3GAT3,22.1
ATL2,22.1
ATF3,22.1
ANKIB1,22.1
SNX32,22.0
RBM18,22.0
PDX1,22.0
MXD1,22.0
MTURN,22.0
MRRF,22.0
MFSD8,22.0
ME3,22.0
LYPD6,22.0
KLHL11,22.0
FNTB,22.0
EEF1AKMT1,22.0
DLAT,22.0
CHRAC1,22.0
CEBPB,22.0
ABHD18,22.0
USP42,21.9
TEDDM1,21.9
TCIRG1,21.9
TBPL1,21.9
SQLE,21.9
SET,21.9
RUFY1,21.9
RPS6KA5,21.9
PTPRF,21.9
PIP4K2C,21.9
NDUFS8,21.9
GLUL,21.9
DGLUCY,21.9
BLOC1S5,21.9
APOLD1,21.9
ADRA2A,21.9
USP12,21.8
UBXN11,21.8
UBE2Q1,21.8
TTC23L,21.8
TIMM9,21.8
STARD5,21.8
SASS6,21.8
RRM2B,21.8
RIMBP3,21.8
RAP2A,21.8
PRELID3A,21.8
PEX19,21.8
PDE8B,21.8
KIAA0586,21.8
IP6K1,21.8
FRMD7,21.8
DCAF16,21.8
CHRNB2,21.8
BTG1,21.8
ZNF765-ZNF761,21.7
ZNF765,21.7
ZNF23,21.7
USP1,21.7
ME2,21.7
MCF2L,21.7
LRP8,21.7
ELP1,21.7
ABITRAM,21.7
ZNF593,21.6
TMEM135,21.6
TLDC2,21.6
TIA1,21.6
SLC39A5,21.6
RNF41,21.6
PRDM11,21.6
PPP6C,21.6
PFKFB3,21.6
PCYOX1,21.6
NCOA5,21.6
NABP2,21.6
HMCES,21.6
DTWD2,21.6
CNKSR1,21.6
C1orf232,21.6
ZFPL1,21.5
ZDHHC4,21.5
ZCCHC14,21.5
VPS33B,21.5
TTC7A,21.5
TRAF3IP3,21.5
TOR4A,21.5
POC1B-GALNT4,21.5
POC1B,21.5
PHF19,21.5
NDUFA4,21.5
MRS2,21.5
MCFD2,21.5
GPN1,21.5
GBA,21.5
GALNT4,21.5
FUT4,21.5
CRHBP,21.5
CDCA5,21.5
CCDC121,21.5
ZNF410,21.4
ZMYND15,21.4
VRK1,21.4
VPS13C,21.4
TTYH2,21.4
TRNAU1AP,21.4
TARBP2,21.4
TAP1,21.4
RPL38,21.4
PSMB9,21.4
PSMB8,21.4
PPP1R15B,21.4
NUDT16L1,21.4
NPFF,21.4
MED11,21.4
MBOAT7,21.4
MAP3K12,21.4
LRIG1,21.4
KLRC2,21.4
GCFC2,21.4
FNDC3B,21.4
CXCL16,21.4
C2CD4A,21.4
ZNF628,21.3
ZGPAT,21.3
ZC3H18,21.3
TSNAX,21.3
TIMM23B,21.3
STBD1,21.3
SOCS7,21.3
SLC44A2,21.3
PRMT5,21.3
PDF,21.3
PARG,21.3
NUMA1,21.3
NIP7,21.3
NAT14,21.3
LRTOMT,21.3
LAP3,21.3
KLF3,21.3
HILPDA,21.3
GTPBP3,21.3
GPR179,21.3
GCA,21.3
DUS4L-BCAP29,21.3
DUS4L,21.3
COG8,21.3
COG5,21.3
ARFRP1,21.3
ANO8,21.3
UCP2,21.2
UBXN1,21.2
UBR2,21.2
TMEM63A,21.2
TMEM132A,21.2
TMCC3,21.2
SP6,21.2
RPL21,21.2
PTPRU,21.2
PDE4DIP,21.2
MTCH2,21.2
MECR,21.2
LEFTY1,21.2
HSF2,21.2
HEXB,21.2
HBS1L,21.2
GPRC5D,21.2
FIGNL1,21.2
FBXL13,21.2
COG1,21.2
CEBPD,21.2
CDH1,21.2
ARMC10,21.2
ZSWIM7,21.1
ZNF268,21.1
ZNF230,21.1
ZFAND5,21.1
VPS16,21.1
VASP,21.1
TTC19,21.1
SOX6,21.1
SMAD5,21.1
RPUSD4,21.1
PCED1A,21.1
OTUD5,21.1
MRPL19,21.1
MRE11,21.1
KLHDC4,21.1
KLF1,21.1
GPR160,21.1
GCDH,21.1
FAM118B,21.1
DNASE2,21.1
DNAAF4,21.1
COL5A1,21.1
C11orf58,21.1
ANKRD49,21.1
YIPF2,21.0
XRCC1,21.0
TXN2,21.0
TSPO,21.0
TMEM250,21.0
TIMM29,21.0
RRP1B,21.0
RAB27B,21.0
POLR3H,21.0
PINLYP,21.0
NFKBIZ,21.0
NCBP3,21.0
MCAT,21.0
MAFF,21.0
INCENP,21.0
HSF2BP,21.0
HCN4,21.0
FAM187A,21.0
EFTUD2,21.0
COPG1,21.0
CCDC103,21.0
ZC3H11A,20.9
ZBED6,20.9
TRIM46,20.9
TNK2,20.9
SHC3,20.9
PRRT2,20.9
PRKCE,20.9
NEK3,20.9
MAZ,20.9
KRTCAP2,20.9
KCTD17,20.9
HES1,20.9
DUS1L,20.9
DEPDC1B,20.9
CCDC106,20.9
ZNF276,20.8
VPS9D1,20.8
USP32,20.8
SDHAF2,20.8
RSPH3,20.8
PUS10,20.8
PEX13,20.8
OSBPL9,20.8
NUDT3,20.8
NAPA,20.8
MRPL17,20.8
MMADHC,20.8
MLLT1,20.8
MGST3,20.8
LRRCC1,20.8
LARS2,20.8
EMP3,20.8
CPSF7,20.8
C12orf50,20.8
C12orf29,20.8
ANO1,20.8
YEATS4,20.7
YARS2,20.7
TTC32,20.7
RUBCNL,20.7
RPS14,20.7
POLG2,20.7
NUP188,20.7
GPD1,20.7
DOLK,20.7
DDX5,20.7
COX14,20.7
CLCF1,20.7
CDK11A,20.7
CCNG1,20.7
CCDC9,20.7
ZNF805,20.6
ZNF451,20.6
UBR1,20.6
UBE2V2,20.6
TRAM1,20.6
TNNI2,20.6
SLC9A8,20.6
SLC17A5,20.6
RPS12,20.6
RIPK2,20.6
PPIL2,20.6
PPFIA1,20.6
OGT,20.6
MUC20,20.6
MTRNR2L6,20.6
LINS1,20.6
KLHL7,20.6
KIF23,20.6
IER5,20.6
GPAA1,20.6
EXOSC4,20.6
CHAC1,20.6
AURKC,20.6
ASB7,20.6
AP1S1,20.6
ALPP,20.6
TTI1,20.5
TRAP1,20.5
SLC25A40,20.5
SLC23A3,20.5
RPRD1B,20.5
REXO4,20.5
RETREG2,20.5
PTRHD1,20.5
PRR13,20.5
NGRN,20.5
NEU3,20.5
MLF2,20.5
GNG14,20.5
FUCA2,20.5
FUBP3,20.5
DHPS,20.5
DBF4,20.5
CNPPD1,20.5
CENPO,20.5
ADAMTS13,20.5
ACAD9,20.5
ZNF391,20.4
VPS18,20.4
UNCX,20.4
TSG101,20.4
SLC30A6,20.4
SKP2,20.4
SAP18,20.4
RUSF1,20.4
RINL,20.4
RHOF,20.4
RFC4,20.4
RASAL1,20.4
RAP1GAP,20.4
RABL2B,20.4
POMP,20.4
POLR3G,20.4
OSBPL7,20.4
NTN1,20.4
NBEAL2,20.4
NAPEPLD,20.4
MRPS36,20.4
MRPL10,20.4
MICOS10-NBL1,20.4
MICOS10,20.4
MBLAC2,20.4
MAGOH,20.4
LRRC46,20.4
LMBRD2,20.4
GOLGA1,20.4
GALR1,20.4
DOC2B,20.4
CYP11A1,20.4
CREBL2,20.4
COL9A2,20.4
CCDC12,20.4
CALR3,20.4
C19orf44,20.4
UPK3BL1,20.3
TMEM19,20.3
SYNRG,20.3
SYMPK,20.3
STIM1,20.3
SPDYE2B,20.3
SPDYE2,20.3
SLC4A7,20.3
SCAI,20.3
RP1,20.3
PSMB4,20.3
POLDIP3,20.3
OR13J1,20.3
OPRL1,20.3
LGALS2,20.3
ING5,20.3
HMGCL,20.3
FOXA3,20.3
DTYMK,20.3
CYP2W1,20.3
COX19,20.3
ATG12,20.3
AP3S1,20.3
ADAMTS17,20.3
ZNF565,20.2
ZNF146,20.2
XRCC2,20.2
THEM4,20.2
SNRPA,20.2
SMAD7,20.2
SENP5,20.2
RNF128,20.2
RNF114,20.2
OR4F21,20.2
NET1,20.2
KIF16B,20.2
JAKMIP1,20.2
HERPUD2,20.2
GOLGA8O,20.2
G3BP2,20.2
FAM221A,20.2
DGCR6L,20.2
CKAP2L,20.2
CHST12,20.2
CCL20,20.2
C19orf54,20.2
C11orf94,20.2
APEH,20.2
ABL1,20.2
YTHDC1,20.1
WFDC9,20.1
WFDC10A,20.1
TROAP,20.1
SNF8,20.1
RNF223,20.1
NXPH3,20.1
MCMBP,20.1
MAL2,20.1
GCLC,20.1
CD55,20.1
BLOC1S2,20.1
ADAM22,20.1
ZNF337,20.0
TJP3,20.0
SURF4,20.0
SRRM1,20.0
SP4,20.0
SEMA4G,20.0
RBM17,20.0
PKN2,20.0
OTX1,20.0
METTL7B,20.0
LRRC23,20.0
LRRC1,20.0
ENO2,20.0
DLGAP4,20.0
CLIP2,20.0
CABIN1,20.0
ANAPC1,20.0
ADGRF3,20.0
UNC13D,19.9
SLC35E3,19.9
NMT1,19.9
LPCAT3,19.9
KDM3B,19.9
IBTK,19.9
HERC3,19.9
DMBX1,19.9
DHX36,19.9
DCAKD,19.9
BOLA3,19.9
ALOX5,19.9
ZNF678,19.8
UBFD1,19.8
SH3TC2,19.8
SCAF8,19.8
RNFT1,19.8
PNRC2,19.8
PGGHG,19.8
NOTCH2,19.8
NLRP6,19.8
MRPL28,19.8
MMP8,19.8
KCNMA1,19.8
FOSL2,19.8
FAM160A2,19.8
EARS2,19.8
CUX2,19.8
CNGA4,19.8
ARL8B,19.8
ZNF526,19.7
THRAP3,19.7
SLC35E1,19.7
RPS21,19.7
PSPC1,19.7
PPP4R3A,19.7
NDUFS6,19.7
MRPL36,19.7
MAPK6,19.7
LYSMD3,19.7
LSM12,19.7
LOC112694756,19.7
IL36RN,19.7
G6PC3,19.7
DNAJC10,19.7
DEDD2,19.7
CENPW,19.7
AP3B1,19.7
ZNF749,19.6
ZNF131,19.6
ZBTB9,19.6
YIF1B,19.6
TMEM147,19.6
TAF4,19.6
SPATA20,19.6
SMARCA2,19.6
SLC17A9,19.6
PIGC,19.6
OSCAR,19.6
NDUFA3,19.6
MAB21L4,19.6
KCNK6,19.6
INSIG2,19.6
HR,19.6
HEATR1,19.6
FGGY,19.6
FAM122A,19.6
EPN3,19.6
CLTB,19.6
CEP112,19.6
C1QTNF6,19.6
C1orf105,19.6
C16orf70,19.6
BTBD10,19.6
BCAS1,19.6
TRRAP,19.5
TNFRSF12A,19.5
TMEM130,19.5
THOC6,19.5
NUP85,19.5
MCRS1,19.5
LYRM9,19.5
INTS2,19.5
HMX3,19.5
HEXIM2,19.5
HCFC1R1,19.5
DSP,19.5
DSCAM,19.5
CNOT10,19.5
CLDN6,19.5
ATP6V0D1,19.5
AGRP,19.5
WDR63,19.4
WDR43,19.4
UXS1,19.4
U2AF2,19.4
TPM3,19.4
TMA7,19.4
RPS29,19.4
RPL9,19.4
OR10V1,19.4
MTHFR,19.4
LIAS,19.4
IL11RA,19.4
COIL,19.4
CLCN6,19.4
CCDC51,19.4
BNIP2,19.4
ATRIP,19.4
AGO2,19.4
ZSWIM8,19.3
UBR5,19.3
STK17A,19.3
RPAP3,19.3
RIN1,19.3
RBP5,19.3
PEPD,19.3
NRCAM,19.3
NDRG1,19.3
NAPG,19.3
KIAA1191,19.3
GTF3A,19.3
FNIP1,19.3
EEA1,19.3
E2F7,19.3
CNOT2,19.3
CLSTN3,19.3
CHAC2,19.3
CDK13,19.3
BRMS1,19.3
B4GAT1,19.3
ARL10,19.3
ZNF460,19.2
ZHX2,19.2
VPS4A,19.2
TPD52,19.2
SLC25A21,19.2
PTGDR,19.2
PTCD1,19.2
OTULINL,19.2
NEDD4L,19.2
NEDD4,19.2
NDUFV2,19.2
GGA1,19.2
GFOD1,19.2
FNTA,19.2
DNAJC25-GNG10,19.2
DNAJC25,19.2
CPSF4,19.2
CCNB3,19.2
CBWD2,19.2
CALY,19.2
ARHGEF12,19.2
AKAP4,19.2
ZNF792,19.1
TOP3B,19.1
SELENOP,19.1
RNF111,19.1
RAB3IP,19.1
PRDM2,19.1
PPIC,19.1
PLA2G15,19.1
NUP88,19.1
MSX1,19.1
MRVI1,19.1
MBNL3,19.1
HOOK1,19.1
GZF1,19.1
ESRP2,19.1
ELK4,19.1
ZNF350,19.0
TRAF4,19.0
TPRG1,19.0
TMEM62,19.0
TMEM251,19.0
STARD4,19.0
SGO1,19.0
SART1,19.0
RTN4,19.0
PSMC5,19.0
PRKAR1B,19.0
MRPL35,19.0
MOAP1,19.0
MAP2K5,19.0
IMMT,19.0
FTSJ3,19.0
DYSF,19.0
CRLF3,19.0
CEP72,19.0
BUB1,19.0
ATAD5,19.0
ZNF862,18.9
TPT1,18.9
TMCO2,18.9
TERF2,18.9
TAF5,18.9
SVIP,18.9
SDCBP2,18.9
RDH13,18.9
PHB2,18.9
HCAR2,18.9
GPR12,18.9
DHCR24,18.9
C1orf159,18.9
AMZ2,18.9
ZNF552,18.8
TKFC,18.8
TACR1,18.8
SPPL2B,18.8
SLC7A1,18.8
SELENOO,18.8
RBM6,18.8
PEX10,18.8
NUP160,18.8
NPPC,18.8
LSM7,18.8
GABPB1,18.8
DLG4,18.8
DDB1,18.8
BHLHE40,18.8
BBS9,18.8
ARID1A,18.8
ADGRL1,18.8
ADAMTS8,18.8
ACADVL,18.8
ZNF416,18.7
ZIK1,18.7
YES1,18.7
SMPD1,18.7
SMIM8,18.7
SLC47A1,18.7
SCP2,18.7
RGS19,18.7
RAP1A,18.7
PSMD12,18.7
NFXL1,18.7
MED27,18.7
LKAAEAR1,18.7
KBTBD8,18.7
HNRNPH1,18.7
GJB7,18.7
GADD45A,18.7
FRY,18.7
FREM2,18.7
EPM2A,18.7
EPG5,18.7
EID1,18.7
E2F8,18.7
ZNF469,18.6
USP17L22,18.6
USP17L21,18.6
USP17L20,18.6
USP17L12,18.6
UBE2K,18.6
TOR2A,18.6
SIRT6,18.6
PHF2,18.6
NPIPB6,18.6
DLD,18.6
COL14A1,18.6
CDV3,18.6
CD63,18.6
ATP23,18.6
ARHGEF35,18.6
ARHGAP22,18.6
ANKRD24,18.6
AGRN,18.6
WSB1,18.5
TPGS2,18.5
TBK1,18.5
RNF121,18.5
RFC1,18.5
RASSF1,18.5
NPIPB9,18.5
NKAP,18.5
LOC100133315,18.5
KIF5B,18.5
HNF4A,18.5
H2BC11,18.5
H2AC11,18.5
GCLM,18.5
FBXO28,18.5
DUOXA2,18.5
DUOXA1,18.5
DUOX2,18.5
DHX34,18.5
CLDN15,18.5
CD14,18.5
C5AR2,18.5
WDR46,18.4
UNC5C,18.4
TSNAXIP1,18.4
SPTY2D1,18.4
RPN1,18.4
RPL23,18.4
RANBP10,18.4
PRDM6,18.4
PIGL,18.4
PHLDA3,18.4
NPM1,18.4
NCOR1,18.4
NBPF12,18.4
HNRNPA3,18.4
GSDMD,18.4
FXN,18.4
ENOSF1,18.4
COPB1,18.4
ZCWPW2,18.3
USP8,18.3
UBA52,18.3
TSC22D2,18.3
TNPO1,18.3
THEM6,18.3
STAT2,18.3
SSH2,18.3
SPINT3,18.3
SLC25A13,18.3
SLC16A5,18.3
SH3YL1,18.3
RABGAP1,18.3
NEK2,18.3
MANBAL,18.3
LIPK,18.3
FAM168A,18.3
AZI2,18.3
ATXN1,18.3
APOF,18.3
ACP1,18.3
ZNF778,18.2
ZNF644,18.2
ZNF561,18.2
UQCRHL,18.2
SORD,18.2
NEUROG3,18.2
MED18,18.2
LMNA,18.2
KMT2B,18.2
HERPUD1,18.2
HDGF,18.2
GLI4,18.2
FAM102B,18.2
ERICH5,18.2
CHMP7,18.2
CEP70,18.2
CDX2,18.2
CAMK2G,18.2
BCL2L14,18.2
ATF2,18.2
ARHGAP39,18.2
ANKRD31,18.2
ADAMTSL5,18.2
ZNF284,18.1
ZNF282,18.1
ZNF221,18.1
ZNF106,18.1
ZCCHC10,18.1
VARS1,18.1
TRIM16L,18.1
SUMO2,18.1
SNX18,18.1
SNAP23,18.1
SLC10A7,18.1
SCAMP3,18.1
RAD51AP1,18.1
PPL,18.1
PARP4,18.1
PAK1IP1,18.1
KDM6A,18.1
GOLGA8B,18.1
FBXL12,18.1
FAM189B,18.1
CAB39,18.1
C6orf52,18.1
C12orf4,18.1
ZNF860,18.0
WDFY1,18.0
UBR3,18.0
SPG21,18.0
SLC39A11,18.0
SDHB,18.0
PSMA2,18.0
PRPF8,18.0
PRDM7,18.0
PDCD5,18.0
OSBPL10,18.0
NADK,18.0
MRPL32,18.0
METTL5,18.0
ISLR2,18.0
IL18R1,18.0
GLB1L2,18.0
EEF1AKMT4-ECE2,18.0
EEF1AKMT4,18.0
ALG3,18.0
WDHD1,17.9
USP20,17.9
TGFB2,17.9
STT3B,17.9
SOCS4,17.9
RAB5C,17.9
PAQR8,17.9
NT5C3A,17.9
NGDN,17.9
DIP2A,17.9
C9orf78,17.9
ARHGAP29,17.9
APOE,17.9
APOC1,17.9
ABCB11,17.9
ZNF773,17.8
YTHDF1,17.8
VPS36,17.8
URB2,17.8
UBE2H,17.8
TUFT1,17.8
TINAG,17.8
TFB1M,17.8
TAF5L,17.8
RNASET2,17.8
RIPK1,17.8
RBM25,17.8
PLXNA1,17.8
PIGF,17.8
NT5C2,17.8
MUL1,17.8
MAML1,17.8
MADCAM1,17.8
GSTM4,17.8
FKBP5,17.8
FBN3,17.8
EFR3A,17.8
DET1,17.8
CRIPT,17.8
CKAP2,17.8
CEP68,17.8
CCNB1IP1,17.8
BRF2,17.8
ASIC2,17.8
ZNF507,17.7
ZC3H12A,17.7
VPS13D,17.7
UBE2D2,17.7
TRPC4AP,17.7
TRMT10A,17.7
TRIP13,17.7
TIAM1,17.7
SLC41A2,17.7
SH3D21,17.7
SEC62,17.7
RTN3,17.7
RPP25,17.7
RIC1,17.7
PARP1,17.7
OSBPL8,17.7
MTTP,17.7
MS4A10,17.7
HECTD1,17.7
FBXW8,17.7
FBXL22,17.7
DHTKD1,17.7
BRD9,17.7
BPHL,17.7
ATL3,17.7
USP17L18,17.6
USP17L11,17.6
USP17L10,17.6
TRIM36,17.6
SERTAD2,17.6
MYCBP2,17.6
MCM6,17.6
LTN1,17.6
KDM2B,17.6
IRX4,17.6
INO80,17.6
GID8,17.6
FOXJ1,17.6
DNAJC19,17.6
DIDO1,17.6
CTSL,17.6
ANKRD13D,17.6
ABHD12,17.6
TRMT10C,17.5
SLC25A17,17.5
SEPTIN7,17.5
RPP14,17.5
RNF130,17.5
RAD54L2,17.5
PSMA1,17.5
PANK4,17.5
OCIAD1,17.5
LIPH,17.5
HTD2,17.5
HIPK1,17.5
HES5,17.5
HCFC2,17.5
H2AZ1,17.5
GLT8D2,17.5
FAM117B,17.5
DNAJB14,17.5
CUEDC2,17.5
CDYL,17.5
BRMS1L,17.5
URGCP,17.4
UBE2D4,17.4
TTPAL,17.4
TTF2,17.4
TNS2,17.4
TNFRSF21,17.4
SVOPL,17.4
RCC1L,17.4
NDUFAF6,17.4
NAV1,17.4
LAMTOR3,17.4
HSD17B7,17.4
HECW2,17.4
GNE,17.4
GABPA,17.4
EPS8L3,17.4
EFHD1,17.4
EDC3,17.4
CTSZ,17.4
ATP5PF,17.4
TSC22D1,17.3
TMED5,17.3
SH3BP2,17.3
SCAF1,17.3
RRAS,17.3
RPS27,17.3
RAB13,17.3
NOP2,17.3
MTMR2,17.3
GLB1L3,17.3
FGFR2,17.3
DSCC1,17.3
DCT,17.3
CWF19L2,17.3
CTDSP1,17.3
CLDN10,17.3
CCDC18,17.3
CAP1,17.3
ARNT,17.3
ZNF397,17.2
ZMIZ1,17.2
UBA2,17.2
TULP2,17.2
TM2D1,17.2
TBL1X,17.2
TAF13,17.2
SEC61G,17.2
RPRD1A,17.2
PTPN23,17.2
PKD1L1,17.2
PAH,17.2
OTOS,17.2
NUCB1,17.2
MIS18BP1,17.2
MAD2L2,17.2
HIGD1A,17.2
HABP4,17.2
GUCA2B,17.2
DRAXIN,17.2
DRAM1,17.2
CRABP1,17.2
COPS9,17.2
COMTD1,17.2
CDC42EP2,17.2
ASCL1,17.2
ARID2,17.2
ACKR2,17.2
ZNF585A,17.1
TRUB1,17.1
TPRKB,17.1
TDRD9,17.1
RHBDF1,17.1
RELT,17.1
PTPN12,17.1
OR4F3,17.1
OR4F29,17.1
OR4F16,17.1
NOTCH2NLC,17.1
MPG,17.1
MAP4K5,17.1
GCC2,17.1
DNAJB2,17.1
DCTPP1,17.1
CLSTN1,17.1
C6orf47,17.1
ATP5MPL,17.1
ATL1,17.1
ATG7,17.1
APOM,17.1
ZSCAN12,17.0
ZNF443,17.0
USP14,17.0
SSX2IP,17.0
SHOX2,17.0
RSRC1,17.0
NIPBL,17.0
NFIA,17.0
MIGA1,17.0
METRN,17.0
LDHA,17.0
KBTBD3,17.0
HAGHL,17.0
ETFBKMT,17.0
DDIT4,17.0
CYP20A1,17.0
CLPTM1L,17.0
CCDC78,17.0
BAG6,17.0
AP5S1,17.0
ANTKMT,17.0
AASDHPPT,17.0
ZFC3H1,16.9
XBP1,16.9
WFDC3,16.9
TMEM8B,16.9
THAP2,16.9
TENT5A,16.9
ST3GAL2,16.9
SRSF6,16.9
SLC4A2,16.9
SHISAL2B,16.9
SAMD11,16.9
REPIN1,16.9
RAB12,16.9
NR4A2,16.9
NPAS1,16.9
NEK11,16.9
NAA35,16.9
MTHFD2L,16.9
METTL8,16.9
MAPK8IP3,16.9
FCSK,16.9
ESR2,16.9
DNTTIP1,16.9
DCAF17,16.9
CYTH4,16.9
CDK5,16.9
ASTE1,16.9
ASIC3,16.9
ZNF347,16.8
UTP15,16.8
USHBP1,16.8
UHRF2,16.8
TRAPPC12,16.8
TEDC2,16.8
SNIP1,16.8
SLC25A11,16.8
SEC24B,16.8
RPL13,16.8
RNF167,16.8
RERE,16.8
PFN1,16.8
GRAMD1B,16.8
ENO3,16.8
EIPR1,16.8
DTD2,16.8
DNALI1,16.8
DHRS4,16.8
CHRM3,16.8
CCNT1,16.8
BCL7B,16.8
BAHCC1,16.8
BABAM1,16.8
ANKRA2,16.8
ALPG,16.8
VAPB,16.7
TIMELESS,16.7
TBC1D9B,16.7
SLAMF8,16.7
SFT2D2,16.7
SERINC4,16.7
SERF2,16.7
RNF141,16.7
REXO1,16.7
PLD6,16.7
NGB,16.7
MIP,16.7
LRRC8A,16.7
KYAT1,16.7
KITLG,16.7
HYPK,16.7
HS1BP3,16.7
GORASP2,16.7
FER1L6,16.7
FBXW7,16.7
EXOSC10,16.7
EFCAB2,16.7
CDK11B,16.7
BPGM,16.7
TSPYL2,16.6
STYK1,16.6
STMN3,16.6
SPRY2,16.6
SIAH2,16.6
RTN2,16.6
RTEL1,16.6
ROMO1,16.6
RASEF,16.6
PTPDC1,16.6
PPP2R5C,16.6
POP4,16.6
PITRM1,16.6
NFS1,16.6
NAPRT,16.6
MROH6,16.6
LLPH,16.6
ISY1-RAB43,16.6
ISY1,16.6
HECTD3,16.6
FZD4,16.6
ERFE,16.6
DNTTIP2,16.6
CCDC144A,16.6
BIRC5,16.6
ZNF547,16.5
XRN1,16.5
TRAPPC2B,16.5
TMEM106B,16.5
SLC1A3,16.5
SLC10A5,16.5
SEMA6C,16.5
RGS3,16.5
POLB,16.5
PMS2,16.5
PLPP5,16.5
PCCB,16.5
PAN3,16.5
NDE1,16.5
MLX,16.5
MARF1,16.5
LRFN3,16.5
LPAR5,16.5
KLHL18,16.5
KIF9,16.5
IMPA1,16.5
HSD17B4,16.5
FEZF1,16.5
DENR,16.5
COASY,16.5
CARD10,16.5
C6orf136,16.5
BARX2,16.5
AIMP2,16.5
AGPS,16.5
WWC1,16.4
TBC1D2,16.4
STAMBP,16.4
SCD,16.4
RNASEH2B,16.4
PTGS2,16.4
NRAS,16.4
MRPS7,16.4
MIF4GD,16.4
MFSD14C,16.4
LTO1,16.4
L2HGDH,16.4
KIAA1549L,16.4
JMY,16.4
INTS3,16.4
GOLIM4,16.4
GGA3,16.4
FKTN,16.4
FH,16.4
DMAC2L,16.4
C7orf26,16.4
ATP5F1A,16.4
TMEM61,16.3
TGM1,16.3
TBC1D16,16.3
SAC3D1,16.3
SAAL1,16.3
RPUSD1,16.3
REN,16.3
RABGGTA,16.3
NFKB2,16.3
NDUFB6,16.3
MIF,16.3
KPTN,16.3
INSYN2A,16.3
GRAMD1C,16.3
DNAJC16,16.3
CHTF18,16.3
CDK19,16.3
CCDC40,16.3
CASP9,16.3
BHMG1,16.3
ADCK5,16.3
ZNF316,16.2
ZNF233,16.2
VPS37D,16.2
TPCN2,16.2
TMEM116,16.2
TGFBR2,16.2
TENT2,16.2
TECPR2,16.2
SEC61A1,16.2
RSF1,16.2
REC114,16.2
RBSN,16.2
PIGU,16.2
NAA10,16.2
MFSD2A,16.2
MBD2,16.2
GOLGA8N,16.2
GAN,16.2
ERP29,16.2
EFNA5,16.2
EDF1,16.2
CYP3A5,16.2
CXXC5,16.2
COPG2,16.2
CINP,16.2
CERS6,16.2
AVPI1,16.2
ATP9B,16.2
ARHGAP4,16.2
ARHGAP18,16.2
ABCA3,16.2
AAMDC,16.2
ZNF436,16.1
TRIM69,16.1
TIMM13,16.1
SYCE1L,16.1
SMAD1,16.1
RPL39L,16.1
PDRG1,16.1
PDCD11,16.1
OSBPL1A,16.1
NPAP1L,16.1
NFE2L2,16.1
MON1B,16.1
KANK4,16.1
HSPA8,16.1
GINS3,16.1
FXYD5,16.1
FBXO8,16.1
FAM163B,16.1
DNAJC3,16.1
CTNNB1,16.1
CPD,16.1
CEP44,16.1
BCKDHB,16.1
ATP6V1C1,16.1
ATP5MD,16.1
AQP2,16.1
APC,16.1
ANAPC10,16.1
ABCE1,16.1
ZNF697,16.0
VANGL2,16.0
URM1,16.0
SMIM12,16.0
SLC1A5,16.0
SETD4,16.0
RELB,16.0
PPP1R12C,16.0
POLR2E,16.0
PKD1L3,16.0
PEMT,16.0
NOL4L,16.0
NCAPG2,16.0
MYL5,16.0
MTERF2,16.0
MRPS2,16.0
MFRP,16.0
MDK,16.0
LPIN1,16.0
LIM2,16.0
IRF9,16.0
GPX4,16.0
GID4,16.0
EVI5,16.0
ERP27,16.0
ELOVL1,16.0
DHODH,16.0
COL9A1,16.0
CHRM4,16.0
CDC20,16.0
CBR1,16.0
C9orf116,16.0
C6orf141,16.0
C19orf84,16.0
BIRC3,16.0
ATPAF2,16.0
ATP5ME,16.0
ZNF468,15.9
ZNF428,15.9
ZFP62,15.9
TUBGCP5,15.9
TTC33,15.9
TSPAN14,15.9
TRIM4,15.9
TRAF7,15.9
SRRM5,15.9
SF3B1,15.9
RAB26,15.9
PSME4,15.9
PRRG4,15.9
PPP2R3B,15.9
PKLR,15.9
PIK3R1,15.9
PDS5B,15.9
NXPE3,15.9
NOTCH2NLB,15.9
N4BP2L2,15.9
MRPS30,15.9
MNT,15.9
MESP1,15.9
MAP3K2,15.9
IRF5,15.9
IKBKG,15.9
HSDL1,15.9
HIF1A,15.9
GTF3C4,15.9
GJC3,15.9
FDPS,15.9
EIF3L,15.9
DNAAF1,15.9
DDX31,15.9
CTTNBP2NL,15.9
CHEK1,15.9
BCAT2,15.9
ATRN,15.9
ANKRD54,15.9
AARS2,15.9
ZNF587,15.8
USP17L7,15.8
USP17L2,15.8
UBE2V1,15.8
TTC34,15.8
TNFAIP1,15.8
TMEM14A,15.8
TMEM109,15.8
TBC1D4,15.8
ST3GAL4,15.8
SLC5A6,15.8
RSPH14,15.8
RP9,15.8
RHOU,15.8
RASA4B,15.8
RACK1,15.8
RAB36,15.8
PRPF19,15.8
PPP2R5D,15.8
PPP1R8,15.8
PGM2,15.8
PEX6,15.8
MED9,15.8
LTV1,15.8
IFT20,15.8
FEM1C,15.8
FCHO1,15.8
EPRS1,15.8
ELMO3,15.8
ELAVL1,15.8
COA6,15.8
CALCOCO2,15.8
CAD,15.8
BEND3,15.8
BCLAF1,15.8
ATRAID,15.8
ATP8B1,15.8
APLN,15.8
ADAMTSL3,15.8
ZNF622,15.7
ZNF263,15.7
YWHAZ,15.7
WDR35,15.7
VPS72,15.7
TXNRD2,15.7
TUBB3,15.7
TTC25,15.7
TMEM30B,15.7
TMEM115,15.7
TLNRD1,15.7
TASOR2,15.7
SPAG4,15.7
SOCS3,15.7
SLITRK6,15.7
SAMD10,15.7
RSAD1,15.7
RPIA,15.7
RFT1,15.7
RALGPS1,15.7
PRPF6,15.7
PPID,15.7
PIP5K1A,15.7
NPRL2,15.7
MKS1,15.7
MC1R,15.7
KLK7,15.7
IQCC,15.7
GTF2B,15.7
GLG1,15.7
FGF3,15.7
DCDC2B,15.7
CYB561D2,15.7
CHAD,15.7
CCDC28B,15.7
C1GALT1C1,15.7
ASXL1,15.7
ZPR1,15.6
VPS39,15.6
TMEM275,15.6
TLN1,15.6
SUB1,15.6
STUB1,15.6
STARD9,15.6
SRMS,15.6
REV3L,15.6
RAP2B,15.6
PTK6,15.6
NPIPB15,15.6
MFSD14B,15.6
ITGB1,15.6
GDF6,15.6
FOSB,15.6
DNPH1,15.6
DNM1L,15.6
CREB3,15.6
C6orf132,15.6
ASCC1,15.6
APOA5,15.6
ANAPC16,15.6
AGGF1,15.6
ZNF331,15.5
ZFYVE27,15.5
ZBTB8OS,15.5
UNC93B1,15.5
TTLL1,15.5
SNAPC3,15.5
SLC35B2,15.5
SLC16A1,15.5
SDAD1,15.5
SARS1,15.5
REEP6,15.5
RBBP4,15.5
PYURF,15.5
PSMC3IP,15.5
PRXL2B,15.5
PIGY,15.5
PCSK4,15.5
OSBPL11,15.5
NFKBIE,15.5
METTL2A,15.5
MARS1,15.5
LIN7C,15.5
ILDR1,15.5
GDA,15.5
ERI1,15.5
DYNC1LI2,15.5
DNMT3A,15.5
ATP6V1FNB,15.5
ATP6V1F,15.5
ARHGAP9,15.5
ANKS1B,15.5
ALDH3B1,15.5
ZSCAN30,15.4
ZNF318,15.4
ZNF24,15.4
WDR18,15.4
WDPCP,15.4
URI1,15.4
TRIT1,15.4
THYN1,15.4
SKAP2,15.4
RUNX1,15.4
PXMP2,15.4
POLE,15.4
POC1A,15.4
PKIB,15.4
NUBP1,15.4
MDH1,15.4
LONP1,15.4
KALRN,15.4
GFRA4,15.4
DGKH,15.4
CELA3B,15.4
CDK18,15.4
CATSPERD,15.4
ACAD8,15.4
ZMYND10,15.3
WSCD2,15.3
VWA1,15.3
TMEM88B,15.3
TBC1D5,15.3
SMG6,15.3
SF3A2,15.3
PRCC,15.3
PPRC1,15.3
PLEKHJ1,15.3
PIBF1,15.3
PGLS,15.3
PDIA2,15.3
MYMK,15.3
MROH1,15.3
MARCHF5,15.3
KIF11,15.3
ITPKC,15.3
IGFL4,15.3
HTRA2,15.3
H4C7,15.3
H4C6,15.3
H3C7,15.3
H2BC9,15.3
DUSP3,15.3
DQX1,15.3
DIS3,15.3
COQ8B,15.3
CFAP97D1,15.3
CATSPERZ,15.3
CAPS,15.3
ARHGDIG,15.3
AP3B2,15.3
ALKBH5,15.3
AGO3,15.3
ADAMTSL2,15.3
YIPF4,15.2
WWTR1,15.2
WNT9A,15.2
SPRED2,15.2
SDHAF1,15.2
S1PR4,15.2
RNF44,15.2
PUS1,15.2
PPP3R1,15.2
PPP2CA,15.2
PITPNM3,15.2
PIAS3,15.2
PDE4B,15.2
NCLN,15.2
MGAT5,15.2
INAFM1,15.2
HIF3A,15.2
GCC1,15.2
FUT10,15.2
FSCN3,15.2
EPB41,15.2
ELF3,15.2
DRG1,15.2
DNMT3B,15.2
CLUL1,15.2
CDHR2,15.2
CDC16,15.2
CCN3,15.2
CATSPERE,15.2
CABLES2,15.2
ARF5,15.2
ADSS2,15.2
ACOX3,15.2
TMEM187,15.1
TMEM132B,15.1
TMEM107,15.1
SMYD5,15.1
SERP1,15.1
RPL10A,15.1
RASA4,15.1
MRPL23,15.1
MED1,15.1
LIPT1,15.1
HCFC1,15.1
ERCC6,15.1
EPCAM,15.1
EIF2A,15.1
CNDP2,15.1
BIRC2,15.1
ATAD1,15.1
ARRB1,15.1
AMHR2,15.1
AMBRA1,15.1
ZNF764,15.0
ZNF596,15.0
ZKSCAN1,15.0
VMP1,15.0
TRAK2,15.0
TIGD1,15.0
STRADB,15.0
SLFN5,15.0
SLC25A15,15.0
SIRT5,15.0
SIGLEC10,15.0
PTRH2,15.0
PRDM8,15.0
PIP4P2,15.0
PCBP2,15.0
PAK1,15.0
MYC,15.0
LRP5,15.0
EPHB1,15.0
EIF4E2,15.0
EEF2K,15.0
CYB5R3,15.0
COL15A1,15.0
BAIAP3,15.0
ATP5MGL,15.0
ANK3,15.0
ZNF624,14.9
ZNF616,14.9
ZNF202,14.9
ZDHHC9,14.9
ZBTB17,14.9
YPEL5,14.9
VEGFB,14.9
UTP14A,14.9
TMEM128,14.9
TGFBRAP1,14.9
TCTA,14.9
SYNC,14.9
SOX4,14.9
SIK2,14.9
RIPPLY3,14.9
RHOA,14.9
PRKCG,14.9
PPP1R14B,14.9
ONECUT3,14.9
NTF4,14.9
NTAN1,14.9
MYADM,14.9
MOCS2,14.9
MIEN1,14.9
MFSD5,14.9
MCCC2,14.9
LSM4,14.9
LOC114841035,14.9
LMAN1,14.9
LIMCH1,14.9
KLHDC7B,14.9
KIAA1586,14.9
KCNA7,14.9
HSFX4,14.9
HERC1,14.9
GRB7,14.9
GALNT17,14.9
FKBP2,14.9
FKBP1A,14.9
FABP6,14.9
ELAVL2,14.9
DYNLRB1,14.9
DYNC2H1,14.9
CUTC,14.9
CTCF,14.9
CPSF4L,14.9
COX15,14.9
CHCHD5,14.9
CACNB2,14.9
C2orf49,14.9
C16orf46,14.9
ASB2,14.9
ANKFY1,14.9
AMT,14.9
ACER2,14.9
TBL2,14.8
STIM2,14.8
SLC25A29,14.8
RGS9,14.8
RBPJ,14.8
PTK7,14.8
PRR7,14.8
PDE4D,14.8
PBX3,14.8
MSRB1,14.8
MS4A7,14.8
LASP1,14.8
KPNA6,14.8
HELB,14.8
HEATR5A,14.8
H3C10,14.8
H2BC13,14.8
H2AC13,14.8
EPYC,14.8
EDN3,14.8
DDX50,14.8
DBN1,14.8
CERCAM,14.8
CDKN1A,14.8
ZBTB22,14.7
TRMT44,14.7
TNFRSF11B,14.7
TMEM184A,14.7
TCN1,14.7
TBC1D32,14.7
TAPBP,14.7
STX8,14.7
SMIM40,14.7
SMC5,14.7
SLC39A10,14.7
SHROOM1,14.7
SENP1,14.7
RPS24,14.7
RPP30,14.7
PTPN1,14.7
PPP2R2D,14.7
POLR3A,14.7
PFKM,14.7
NANOS3,14.7
MET,14.7
MAP7,14.7
LPIN3,14.7
IQSEC1,14.7
IDH3A,14.7
GLIPR1L2,14.7
FTH1,14.7
DAXX,14.7
COLEC10,14.7
CFAP52,14.7
CCNY,14.7
AURKB,14.7
ZNF84,14.6
ZNF41,14.6
TGIF1,14.6
TCF25,14.6
ST6GALNAC2,14.6
SPTBN4,14.6
RPL29,14.6
PREX2,14.6
PRELID3B,14.6
PLA2G2E,14.6
NCK2,14.6
KLHDC2,14.6
KDSR,14.6
HTRA1,14.6
GSTP1,14.6
GDAP1,14.6
FGFBP3,14.6
FARS2,14.6
EFCAB12,14.6
DRD1,14.6
DNAJC22,14.6
CSNK1G2,14.6
COPS3,14.6
CDK8,14.6
CAPRIN1,14.6
BBS10,14.6
ARMS2,14.6
ABAT,14.6
ZNF524,14.5
XPC,14.5
USP6NL,14.5
TSR1,14.5
TLR5,14.5
TEP1,14.5
SYTL1,14.5
SPON2,14.5
SOCS5,14.5
SMTNL2,14.5
SLC9B1,14.5
SLC12A5,14.5
SKA1,14.5
SGSM2,14.5
REPS2,14.5
RAB3GAP1,14.5
PNPLA7,14.5
PLA2G4B,14.5
PHKA2,14.5
NUDCD2,14.5
NOS1AP,14.5
MRPL41,14.5
MMP9,14.5
LURAP1L,14.5
LSM3,14.5
LOXL1,14.5
HMMR,14.5
GPBP1,14.5
GOLGA8T,14.5
GOLGA8H,14.5
FIZ1,14.5
FAM83H,14.5
FAM43B,14.5
CCND1,14.5
C8orf82,14.5
ANKRD46,14.5
ALDH18A1,14.5
ZNF285,14.4
USF1,14.4
UAP1L1,14.4
TSTD1,14.4
TMEM102,14.4
TFIP11,14.4
STK3,14.4
SPTBN1,14.4
SPEM3,14.4
RFLNA,14.4
PNISR,14.4
NMU,14.4
MEN1,14.4
MARVELD2,14.4
MAP4K2,14.4
MAN1B1,14.4
LAS1L,14.4
KAT6A,14.4
HNRNPDL,14.4
GPR89A,14.4
FGF11,14.4
FAM222A,14.4
ENOPH1,14.4
EDN1,14.4
DUSP2,14.4
DARS1,14.4
COPE,14.4
CITED2,14.4
CHRNB1,14.4
CDK1,14.4
CCP110,14.4
ASTL,14.4
ZNRF2,14.3
WDR45B,14.3
UPK3A,14.3
TRNT1,14.3
TMUB1,14.3
SPATA24,14.3
SP140,14.3
SP110,14.3
SLC39A6,14.3
SEC16A,14.3
PHF3,14.3
PDCL,14.3
MZT2A,14.3
METAP1D,14.3
MAK16,14.3
KRTAP5-6,14.3
INTS10,14.3
INIP,14.3
ING3,14.3
GRM7,14.3
FOXF2,14.3
FASTK,14.3
EIF2S2,14.3
EIF1AX,14.3
DUSP23,14.3
CTR9,14.3
CRYBG3,14.3
COL27A1,14.3
CFAP65,14.3
CEP41,14.3
CD8A,14.3
CCDC9B,14.3
C9orf163,14.3
ATP2C2,14.3
AKAP11,14.3
AHCTF1,14.3
AGAP3,14.3
AFG1L,14.3
ADAMTS15,14.3
ZNF800,14.2
ZNF419,14.2
ZGLP1,14.2
ZG16B,14.2
VPS26C,14.2
TRPM1,14.2
TGM2,14.2
STXBP6,14.2
SMNDC1,14.2
SMG1,14.2
SLC9A3R1,14.2
RIPPLY2,14.2
PSMB5,14.2
PSMB11,14.2
NEUROG2,14.2
NANOS1,14.2
MICALL2,14.2
MED13,14.2
KIAA0232,14.2
HADHB,14.2
HADHA,14.2
GTPBP4,14.2
FIBCD1,14.2
FDX2,14.2
EXOC1,14.2
EP400,14.2
CYB5R4,14.2
CDH19,14.2
ATP1A2,14.2
ATP11A,14.2
ZNF723,14.1
ZNF33A,14.1
ZBTB33,14.1
XRN2,14.1
UHRF1,14.1
UCN3,14.1
TXLNA,14.1
TMC1,14.1
TMBIM1,14.1
TIMM21,14.1
TBCEL,14.1
STX11,14.1
SH2D2A,14.1
RAD18,14.1
OTUD6B,14.1
NTRK1,14.1
NABP1,14.1
MYO1E,14.1
MARCKS,14.1
MAP2K7,14.1
KLF15,14.1
KCNS2,14.1
ITGB5,14.1
HPS1,14.1
HOXB8,14.1
HOXB7,14.1
HOXB6,14.1
GDPGP1,14.1
GAS2,14.1
FBXO15,14.1
FAM161B,14.1
EMC8,14.1
DNPEP,14.1
COX4I1,14.1
COQ6,14.1
CIB1,14.1
CEP55,14.1
CENPBD1,14.1
CCZ1B,14.1
ARRDC5,14.1
AGA,14.1
ZFP1,14.0
VCL,14.0
TOP3A,14.0
TOMM20,14.0
TMC7,14.0
SRRD,14.0
SMCR8,14.0
SLC25A30,14.0
RPGR,14.0
RCSD1,14.0
PRSS56,14.0
PINX1,14.0
NUGGC,14.0
NT5DC1,14.0
NFATC4,14.0
NCR1,14.0
MTM1,14.0
KCNJ14,14.0
IL15RA,14.0
IGF2R,14.0
HPS4,14.0
GSG1L,14.0
GRWD1,14.0
FAM151B,14.0
EMSY,14.0
ELP3,14.0
DEF8,14.0
CRLS1,14.0
CHRND,14.0
CD24,14.0
ZNF354A,13.9
ZNF223,13.9
ZMYM3,13.9
ZC3H13,13.9
UQCRC1,13.9
UPF2,13.9
UCK1,13.9
UBP1,13.9
UBE4A,13.9
UBE2G1,13.9
UBA3,13.9
TMPRSS7,13.9
SSH3,13.9
SLK,13.9
SLC5A5,13.9
SERP2,13.9
PSORS1C1,13.9
PLK1,13.9
PIK3C2A,13.9
PACRGL,13.9
MINDY1,13.9
MED6,13.9
MCM3,13.9
LHPP,13.9
KRT10,13.9
KCNQ1,13.9
IZUMO2,13.9
IBA57,13.9
HNRNPF,13.9
GOLGA8R,13.9
GMCL1,13.9
FAM104A,13.9
EPC2,13.9
ENO1,13.9
ELP5,13.9
CTSE,13.9
CTDNEP1,13.9
CDSN,13.9
CD320,13.9
CCDC150,13.9
C6orf15,13.9
C17orf80,13.9
ASH2L,13.9
ARPC3,13.9
ARL6IP5,13.9
ALOX12B,13.9
ABCF1,13.9
ZNF579,13.8
ZMYM6,13.8
YTHDC2,13.8
UBXN6,13.8
TTLL9,13.8
TSTD2,13.8
TSSK6,13.8
TRNP1,13.8
STX1A,13.8
SPIDR,13.8
SLC35C2,13.8
SIRT1,13.8
SFRP5,13.8
SERPINB6,13.8
RRAD,13.8
RET,13.8
NDUFA13,13.8
NCBP1,13.8
KLRG2,13.8
KCNC3,13.8
HSFX3,13.8
FIBP,13.8
EXOSC5,13.8
EXD1,13.8
EOLA1,13.8
DUSP15,13.8
DNM1,13.8
DNAJA1,13.8
CTSW,13.8
CTSH,13.8
CNIH3,13.8
CIZ1,13.8
CHP1,13.8
CES2,13.8
BCKDHA,13.8
B3GALNT2,13.8
ZNF543,13.7
UBTD1,13.7
UBE2J1,13.7
TBC1D23,13.7
SUCLA2,13.7
ST8SIA2,13.7
SLC5A1,13.7
SEC24C,13.7
S100A10,13.7
PUS3,13.7
PSMB2,13.7
PDHB,13.7
MYO6,13.7
MMS19,13.7
H1-0,13.7
GCAT,13.7
DOCK9,13.7
DIXDC1,13.7
DEXI,13.7
DDX25,13.7
CLTA,13.7
CLEC16A,13.7
CHUK,13.7
CCNYL1,13.7
CCDC114,13.7
CAPN8,13.7
C1D,13.7
APLP2,13.7
UBQLN4,13.6
TRA2A,13.6
TPM1,13.6
TOP2B,13.6
TMEM259,13.6
TBL1XR1,13.6
SREBF2,13.6
SNX22,13.6
SLC50A1,13.6
SLC25A26,13.6
SDC4,13.6
SAV1,13.6
RDH12,13.6
RDH11,13.6
RAB25,13.6
PHLDA2,13.6
MYL6B,13.6
MYL6,13.6
MRPS18A,13.6
MARK2,13.6
MACIR,13.6
LAMTOR2,13.6
KIF7,13.6
GALNT11,13.6
ERBB3,13.6
DPM3,13.6
DGKZ,13.6
COL9A3,13.6
CNN2,13.6
C5orf15,13.6
BCAR1,13.6
ARHGAP26,13.6
AMN,13.6
ZNF181,13.5
TMEM186,13.5
STEAP1,13.5
STARD10,13.5
SSR4,13.5
SPICE1,13.5
SMC2,13.5
SLC38A1,13.5
SCRN3,13.5
SCGB1C1,13.5
PTPN2,13.5
PMM2,13.5
PLEKHG1,13.5
PHACTR4,13.5
ODF3,13.5
NME3,13.5
MRPL15,13.5
MLLT6,13.5
MKNK1,13.5
METTL27,13.5
MARCHF6,13.5
LRCH3,13.5
IGFBP1,13.5
IDH3G,13.5
HMGA2,13.5
GRB14,13.5
GATD1,13.5
FLVCR1,13.5
FBXO7,13.5
FBRSL1,13.5
FBP1,13.5
FAM32A,13.5
DPH6,13.5
CUEDC1,13.5
CIR1,13.5
CD70,13.5
CCDC71L,13.5
ADRB1,13.5
ZZZ3,13.4
ZNF799,13.4
ZFP90,13.4
XRCC4,13.4
TRMT112,13.4
TMEM41B,13.4
TMEM167A,13.4
TMEM145,13.4
TBC1D10C,13.4
SURF2,13.4
SURF1,13.4
SNRNP70,13.4
SMPD4,13.4
SHTN1,13.4
RPL7A,13.4
ROCK1,13.4
RASGEF1B,13.4
RAMP1,13.4
PRDX5,13.4
POLK,13.4
PIGBOS1,13.4
PIGB,13.4
NANS,13.4
MZT2B,13.4
MTFP1,13.4
MPP5,13.4
MED22,13.4
IGF2BP2,13.4
HHLA3,13.4
DNAJC27,13.4
CYP26B1,13.4
CTSC,13.4
COLGALT2,13.4
CERT1,13.4
CEP85L,13.4
CCDC138,13.4
C2orf69,13.4
BRAP,13.4
ATE1,13.4
ANKRD13C,13.4
ACAD10,13.4
ZNF614,13.3
ZNF557,13.3
XPNPEP3,13.3
WWP1,13.3
TSC1,13.3
TP53TG5,13.3
THAP12,13.3
TFAP2A,13.3
TAS2R41,13.3
SV2A,13.3
ST13,13.3
SPNS2,13.3
SLC37A2,13.3
SIRT3,13.3
RPS6KA4,13.3
RNASEH1,13.3
RCCD1,13.3
RAC1,13.3
PSMD13,13.3
PLK2,13.3
NEK9,13.3
NBPF11,13.3
KIF20A,13.3
HSF1,13.3
GVQW3,13.3
GINS4,13.3
GFI1B,13.3
FAM91A1,13.3
EID2B,13.3
EID2,13.3
DNAJB7,13.3
CNOT4,13.3
CFAP73,13.3
CDC42,13.3
CCDC112,13.3
C4orf19,13.3
BRD8,13.3
BOP1,13.3
BOLA1,13.3
BICD2,13.3
ALMS1,13.3
ACSS1,13.3
ZNF563,13.2
ZNF330,13.2
WDR89,13.2
WDFY2,13.2
TUT4,13.2
TEX38,13.2
SLC46A2,13.2
SLC1A4,13.2
RPL11,13.2
OST4,13.2
NR3C2,13.2
NCEH1,13.2
MYO15B,13.2
MON2,13.2
MAFK,13.2
KCTD3,13.2
KCNK10,13.2
GXYLT1,13.2
GOPC,13.2
FAM177A1,13.2
DMXL2,13.2
CIT,13.2
CC2D2B,13.2
ATPAF1,13.2
ARID3A,13.2
ARF1,13.2
AMN1,13.2
ZNF488,13.1
WDR78,13.1
WDR76,13.1
USP53,13.1
TRIM13,13.1
TMEM45B,13.1
TCTEX1D2,13.1
SMIM30,13.1
SENP6,13.1
SCRT1,13.1
RNF24,13.1
RIPOR1,13.1
RHOB,13.1
RASAL3,13.1
POLA2,13.1
PIM1,13.1
PDXP,13.1
OVOL1,13.1
MTRF1,13.1
MIER1,13.1
MFAP1,13.1
LSM14A,13.1
LOC389199,13.1
LMO4,13.1
LMBR1L,13.1
KIF25,13.1
JUND,13.1
IQCN,13.1
HSD11B2,13.1
GMFB,13.1
FBXL20,13.1
EML6,13.1
DGAT1,13.1
CYP2J2,13.1
CTTN,13.1
AIG1,13.1
TOMM70,13.0
TNRC6A,13.0
TESMIN,13.0
TAF1B,13.0
SZT2,13.0
SLC38A9,13.0
SHISA9,13.0
PHLPP2,13.0
PEX14,13.0
OR9A4,13.0
MUC1,13.0
MED8,13.0
LNP1,13.0
KCNQ3,13.0
GPR39,13.0
FAM98A,13.0
ECM1,13.0
DFFA,13.0
CSNK2A2,13.0
CGRRF1,13.0
C18orf25,13.0
BCL11B,13.0
ANKRD63,13.0
ANKRD35,13.0
AFTPH,13.0
ACP4,13.0
ZSCAN29,12.9
ZNF189,12.9
VPS37C,12.9
VMAC,12.9
TUBGCP6,12.9
TUBGCP4,12.9
TRMT11,12.9
ST3GAL1,12.9
SNRPG,12.9
SMAP1,12.9
SLC25A35,12.9
SLC16A6,12.9
SH3RF3,12.9
SCFD2,12.9
RPS23,12.9
RANGRF,12.9
RAB11FIP4,12.9
PVRIG,12.9
PSKH1,12.9
PRSS3,12.9
PPFIBP2,12.9
POLD3,12.9
PLCB1,12.9
PGAP4,12.9
NRN1L,12.9
NDUFA11,12.9
NDFIP2,12.9
MYZAP,12.9
MRPL50,12.9
MRPL33,12.9
MPV17,12.9
METAP1,12.9
LRPAP1,12.9
IL1RN,12.9
HOXD12,12.9
HOXD11,12.9
HOXD10,12.9
HDAC10,12.9
GPAT3,12.9
GNPNAT1,12.9
GM2A,12.9
GHR,12.9
GCOM1,12.9
GCNT4,12.9
FAM136A,12.9
FABP5,12.9
EEF1E1,12.9
DUSP8,12.9
DUSP7,12.9
DUSP1,12.9
DENND4B,12.9
CGN,12.9
CCDC57,12.9
BEGAIN,12.9
ATP6AP1L,12.9
ARSG,12.9
APPL2,12.9
UBE2R2,12.8
TFAM,12.8
TALDO1,12.8
STYX,12.8
STEAP4,12.8
SMAGP,12.8
SLCO2B1,12.8
RNGTT,12.8
RIDA,12.8
RASL11A,12.8
RAPGEF2,12.8
RAB33A,12.8
POP1,12.8
PELI1,12.8
PDZRN3,12.8
MZB1,12.8
LSMEM1,12.8
LRBA,12.8
JADE1,12.8
INSR,12.8
IFT22,12.8
HOXB9,12.8
H1-2,12.8
DEK,12.8
CDCA8,12.8
CCR7,12.8
CAMK2N1,12.8
C9orf50,12.8
C1orf109,12.8
BSN,12.8
ANKRD36C,12.8
AIFM1,12.8
WTAP,12.7
TMEM38A,12.7
TMEM131,12.7
TAF11,12.7
SOST,12.7
SMIM7,12.7
SERINC5,12.7
SAMD1,12.7
RFESD,12.7
PRSS23,12.7
PRSS12,12.7
PRRC2A,12.7
PRRC1,12.7
PLXNA2,12.7
PLA2G10,12.7
PABPC4,12.7
NSMCE4A,12.7
NPIPA3,12.7
NPIPA2,12.7
NAB1,12.7
MRPS16,12.7
MRPL11,12.7
MISP3,12.7
LUC7L,12.7
KCNIP3,12.7
HS3ST3B1,12.7
HHAT,12.7
GSPT1,12.7
GDF5,12.7
GDF15,12.7
FKBPL,12.7
FAM234A,12.7
DTX4,12.7
DNAJC9,12.7
DAND5,12.7
CLDN11,12.7
CEP250,12.7
CDCA7,12.7
CCDC153,12.7
CBL,12.7
CACTIN,12.7
C1orf21,12.7
C19orf67,12.7
BDH1,12.7
BCL2L13,12.7
ATP6V1E1,12.7
ATP6V0D2,12.7
ATF6B,12.7
ANKS1A,12.7
AIF1,12.7
ACTR3B,12.7
ZNFX1,12.6
ZNF600,12.6
ZNF500,12.6
UNC5B,12.6
TTC30B,12.6
TTC27,12.6
TMOD1,12.6
TMEM171,12.6
STX7,12.6
SPEGNB,12.6
SLTM,12.6
SEPSECS,12.6
SCN1B,12.6
RASGRP1,12.6
PSMA6,12.6
PPM1N,12.6
PLXDC1,12.6
PET117,12.6
OSGEPL1,12.6
OMA1,12.6
NF1,12.6
MEFV,12.6
LOC102724265,12.6
KCNH8,12.6
KAT14,12.6
HPN,12.6
GRK2,12.6
GORAB,12.6
GMPPA,12.6
GDF10,12.6
DBI,12.6
C2orf76,12.6
BRINP2,12.6
ASTN1,12.6
ARHGAP45,12.6
ALG8,12.6
ZZEF1,12.5
WDR3,12.5
VMO1,12.5
VEZF1,12.5
USP28,12.5
UHRF1BP1L,12.5
UAP1,12.5
TRMU,12.5
TPTE2,12.5
THOP1,12.5
THAP1,12.5
SUGP1,12.5
SNX14,12.5
SMIM26,12.5
SGTA,12.5
SAMD8,12.5
RXFP4,12.5
RFX5,12.5
PSMB6,12.5
POLR3GL,12.5
PHIP,12.5
PHC2,12.5
OAZ2,12.5
NR1D1,12.5
NEURL4,12.5
NAGS,12.5
MAU2,12.5
LIX1L,12.5
LEPROT,12.5
LEPR,12.5
KHDC4,12.5
GLTPD2,12.5
GDAP2,12.5
FDX1,12.5
FAM13A,12.5
ERGIC3,12.5
EIF4EBP1,12.5
DUSP13,12.5
DIPK1C,12.5
DGKD,12.5
CYB5D2,12.5
CFL1,12.5
CDKN2A,12.5
C9orf40,12.5
ATP1B1,12.5
ASF1A,12.5
ARAP1,12.5
AP3M1,12.5
ANKRD53,12.5
ANKRD34A,12.5
ACAP1,12.5
ZNF766,12.4
XXYLT1,12.4
TTC37,12.4
TRAF3IP1,12.4
TNFAIP3,12.4
TCTE3,12.4
STRADA,12.4
SS18L2,12.4
SLC7A11,12.4
SIDT2,12.4
SH3BP1,12.4
SEC22C,12.4
SEC14L1,12.4
RNF4,12.4
RGS6,12.4
PRPF38A,12.4
PREP,12.4
PRDM4,12.4
PPP1R3E,12.4
POP5,12.4
PGM2L1,12.4
PDPR,12.4
ORC1,12.4
NUDT8,12.4
NKTR,12.4
NDUFB8,12.4
METTL14,12.4
MAPT,12.4
MAFB,12.4
LMAN2L,12.4
LCMT1,12.4
LAMP3,12.4
KPNA4,12.4
KAT2A,12.4
IRX6,12.4
HIF1AN,12.4
GPR158,12.4
GLRX3,12.4
FCGBP,12.4
ETS2,12.4
ERMARD,12.4
DHX58,12.4
DHRS12,12.4
CRELD1,12.4
CDK5R1,12.4
CARNMT1,12.4
BCL2L2-PABPN1,12.4
BCL2L2,12.4
BCAP29,12.4
ATXN3,12.4
ATF7IP,12.4
ARSK,12.4
AP1AR,12.4
ZNRF1,12.3
ZNF841,12.3
ZNF213,12.3
ZNF205,12.3
ZKSCAN4,12.3
WDR59,12.3
TXNDC11,12.3
TRA2B,12.3
TMEM245,12.3
TFAP4,12.3
TBPL2,12.3
SAMD12,12.3
RCC1,12.3
RBMXL1,12.3
RALGAPB,12.3
PPP4R2,12.3
PCBD2,12.3
OTOF,12.3
OSTM1,12.3
NKAPL,12.3
KYAT3,12.3
IMMP2L,12.3
HTATSF1,12.3
GDPD4,12.3
FAM168B,12.3
FAM166C,12.3
EMX1,12.3
DYRK4,12.3
DMRT3,12.3
CYTH1,12.3
CLINT1,12.3
CHD1,12.3
CDKN2AIP,12.3
CCDC28A,12.3
C14orf93,12.3
BRS3,12.3
BIN1,12.3
ATXN7L1,12.3
AP1G1,12.3
ZNF746,12.2
ZNF514,12.2
ZNF43,12.2
ZNF215,12.2
ZNF2,12.2
ZFX,12.2
VCX3B,12.2
TTC13,12.2
TOP1,12.2
TMEM69,12.2
TAOK3,12.2
SYNJ1,12.2
SUDS3,12.2
SNX29,12.2
SMCO4,12.2
SGSM3,12.2
SCOC,12.2
RFK,12.2
RALB,12.2
POLQ,12.2
POGZ,12.2
PHF5A,12.2
PFN4,12.2
OR2D3,12.2
NIBAN2,12.2
NEPRO,12.2
MYBPC3,12.2
MKRN1,12.2
MARVELD1,12.2
MAP1LC3A,12.2
LOC102724957,12.2
GRM4,12.2
GPBP1L1,12.2
GABRB3,12.2
EGFL8,12.2
DDX11,12.2
CCDC81,12.2
BMT2,12.2
B4GALT3,12.2
ALDH3A2,12.2
AHCYL1,12.2
ACO2,12.2
WDR73,12.1
UHMK1,12.1
TSPAN3,12.1
TMEM126B,12.1
SLC35B1,12.1
SLC30A9,12.1
SAYSD1,12.1
RB1CC1,12.1
PTPN18,12.1
PRSS33,12.1
PRSS16,12.1
PPP2R2C,12.1
POLR2F,12.1
PICALM,12.1
NRTN,12.1
NMB,12.1
N4BP1,12.1
MCU,12.1
MAN1A2,12.1
LOC388282,12.1
KLHL24,12.1
JOSD1,12.1
HMGN4,12.1
GTPBP1,12.1
GSE1,12.1
GGACT,12.1
GAPVD1,12.1
FAM171A2,12.1
FAM111A,12.1
ETV1,12.1
ELOB,12.1
EDC4,12.1
E2F2,12.1
DOCK10,12.1
DLG2,12.1
DCAF4L1,12.1
CNPY2,12.1
CMIP,12.1
CCDC34,12.1
C22orf23,12.1
ATXN2L,12.1
ARHGAP11A-SCG5,12.1
ARHGAP11A,12.1
ADGRF1,12.1
ZNF891,12.0
ZNF10,12.0
YAP1,12.0
ST20-MTHFS,12.0
SMARCB1,12.0
RPSA,12.0
RABIF,12.0
PDXK,12.0
MYPOP,12.0
MAP2K3,12.0
LGALS7,12.0
LARS1,12.0
KATNBL1,12.0
GAA,12.0
FITM1,12.0
DBR1,12.0
CDKN1B,12.0
ZNF846,11.9
UBXN2B,11.9
TRIM28,11.9
TBCE,11.9
STX6,11.9
SRSF3,11.9
SRP19,11.9
SPAST,11.9
SPA17,11.9
SLC37A4,11.9
SLC35A1,11.9
SLC25A33,11.9
SLC25A1,11.9
SIAE,11.9
SALL4,11.9
RTL10,11.9
RDH16,11.9
PTHLH,11.9
PRDM1,11.9
PHF13,11.9
PDZD8,11.9
MTHFD1L,11.9
MRPS22,11.9
MAN2A2,11.9
KLHL9,11.9
KAZALD1,11.9
HOXA9,11.9
HOXA7,11.9
HOXA10,11.9
HAUS6,11.9
GNB1L,11.9
DNAH2,11.9
DLX2,11.9
DFFB,11.9
CORO6,11.9
CITED4,11.9
CEP43,11.9
CEP104,11.9
ATOX1,11.9
APOL2,11.9
AP1M2,11.9
TMEM265,11.8
TMEM161B,11.8
TMC4,11.8
SPO11,11.8
SLC35F6,11.8
SEC22A,11.8
RPS8,11.8
RIOK1,11.8
RAB33B,11.8
PROSER2,11.8
PLIN3,11.8
PHKG2,11.8
PDE3A,11.8
PARS2,11.8
PARD6B,11.8
P2RY1,11.8
NVL,11.8
NT5E,11.8
NRSN2,11.8
NOTCH3,11.8
NEFH,11.8
NCKAP5L,11.8
LYPD5,11.8
HOXB5,11.8
HMGB3,11.8
GRHL2,11.8
GPR37,11.8
GAS8,11.8
FXYD4,11.8
FSCN2,11.8
FLYWCH2,11.8
FBXO47,11.8
FASTKD2,11.8
EEF1G,11.8
DHH,11.8
DDAH1,11.8
DBNDD1,11.8
CRIP2,11.8
CPOX,11.8
CCSAP,11.8
CCNA2,11.8
CCN1,11.8
CAMSAP2,11.8
CAGE1,11.8
ATG10,11.8
ASCL2,11.8
ASB8,11.8
ABCA5,11.8
ZNF444,11.7
ZNF226,11.7
ZFP41,11.7
YTHDF3,11.7
WTIP,11.7
WDR26,11.7
UST,11.7
UQCRB,11.7
UBE2O,11.7
TMEM104,11.7
STRBP,11.7
STRA6,11.7
STK38,11.7
SLC25A36,11.7
SGCA,11.7
SEPHS2,11.7
SELENOS,11.7
SCAMP5,11.7
RNF220,11.7
RNF19A,11.7
RELCH,11.7
PUM2,11.7
PSEN1,11.7
PPOX,11.7
PIGN,11.7
ODF2,11.7
NRBP1,11.7
NAT9,11.7
MTREX,11.7
MEGF8,11.7
LIMK2,11.7
ILVBL,11.7
IL1R1,11.7
FBXW4,11.7
FBXL16,11.7
EYA3,11.7
ERLIN1,11.7
DIP2B,11.7
DHX29,11.7
CXCL2,11.7
CXADR,11.7
CENPB,11.7
CDC25B,11.7
CALML5,11.7
C2CD2,11.7
C12orf43,11.7
ADGRG1,11.7
AANAT,11.7
ZUP1,11.6
TRIM25,11.6
TRIM17,11.6
TRIM11,11.6
TRAPPC10,11.6
TMX3,11.6
TMEM17,11.6
TM9SF2,11.6
THEG,11.6
TCP11L1,11.6
TCHH,11.6
TAF1L,11.6
SNX7,11.6
SNRPD1,11.6
SLC39A7,11.6
SLC25A27,11.6
SFXN2,11.6
RXRB,11.6
RRP36,11.6
RPL36A-HNRNPH2,11.6
RPL36A,11.6
RING1,11.6
PTPN4,11.6
PON2,11.6
PARVA,11.6
NPTXR,11.6
MGST1,11.6
MEA1,11.6
KRI1,11.6
KLHDC3,11.6
KIF27,11.6
IPO13,11.6
HTRA3,11.6
HSPA13,11.6
HSD17B8,11.6
HSD17B10,11.6
HMCN2,11.6
GRPEL1,11.6
GPR176,11.6
GDPD1,11.6
FAM76A,11.6
DDX52,11.6
CYP39A1,11.6
CSTF2T,11.6
COL11A2,11.6
CDKN2D,11.6
CCDC102B,11.6
BTK,11.6
ARL3,11.6
ARHGAP5,11.6
ALDH1A3,11.6
AHCY,11.6
ZNF506,11.5
ZNF197,11.5
WDR20,11.5
UBD,11.5
TADA1,11.5
SRSF10,11.5
SLC22A4,11.5
SELENOK,11.5
RRNAD1,11.5
RPP40,11.5
RGS20,11.5
RELA,11.5
PPP3CC,11.5
POLR3D,11.5
PLAAT3,11.5
PIM3,11.5
PHLPP1,11.5
NRBF2,11.5
NAT1,11.5
NAB2,11.5
MYNN,11.5
MFSD10,11.5
LYSMD4,11.5
LGALSL,11.5
KIAA0319,11.5
ISG20L2,11.5
HGH1,11.5
GMDS,11.5
FOXK1,11.5
FBXO42,11.5
FBXO34,11.5
FAM83A,11.5
DCUN1D5,11.5
COMP,11.5
CFAP100,11.5
CADM4,11.5
CACNA1G,11.5
C5orf34,11.5
C16orf71,11.5
ATP6V1H,11.5
ARHGAP12,11.5
ANKS3,11.5
ADAM10,11.5
ACTRT3,11.5
ACTR8,11.5
ACTR2,11.5
ABI1,11.5
ZNF467,11.4
ZCCHC7,11.4
XKR9,11.4
WFIKKN1,11.4
TOGARAM1,11.4
TNFRSF10B,11.4
TDP1,11.4
SULF2,11.4
SRD5A1,11.4
SH3BP5L,11.4
RIC8B,11.4
PSMB10,11.4
PRRT3,11.4
PRR15,11.4
PPP1CB,11.4
NSUN2,11.4
NOMO3,11.4
NOMO2,11.4
N4BP3,11.4
METTL26,11.4
M6PR,11.4
LCAT,11.4
LACTB2,11.4
KLRG1,11.4
KLHL28,11.4
KIAA0754,11.4
HOXA5,11.4
HOXA4,11.4
H1-10,11.4
GPR3,11.4
GNPAT,11.4
FAM160B1,11.4
ETFDH,11.4
EIF2B2,11.4
EFNA1,11.4
EFCAB11,11.4
CTRL,11.4
COMMD7,11.4
CD164L2,11.4
CACYBP,11.4
C4orf46,11.4
C1orf131,11.4
ARMH4,11.4
ANLN,11.4
ZSWIM6,11.3
ZC3HAV1,11.3
UBE3D,11.3
TMPRSS3,11.3
SYT5,11.3
SMIM20,11.3
SLC22A18,11.3
RHNO1,11.3
RAB27A,11.3
PPP1R37,11.3
PLEKHM1,11.3
NADK2,11.3
MYLK2,11.3
LONP2,11.3
KLF11,11.3
KIAA0556,11.3
KDM5C,11.3
IL6ST,11.3
IFIT1B,11.3
HOXC6,11.3
HOXC5,11.3
HDHD2,11.3
GUF1,11.3
GTF3C1,11.3
GPR88,11.3
FOXM1,11.3
FBF1,11.3
DOP1A,11.3
DENND5B,11.3
DCTN1,11.3
CRKL,11.3
CMBL,11.3
ATP5MG,11.3
ACOT1,11.3
ABCD3,11.3
ABCC11,11.3
ZFYVE26,11.2
WNT11,11.2
VEZT,11.2
UGDH,11.2
UBL7,11.2
TRMT1L,11.2
TOE1,11.2
TLCD1,11.2
SWT1,11.2
SOX21,11.2
SLC30A1,11.2
SERPINB1,11.2
SELENOF,11.2
RPL23A,11.2
RAD51B,11.2
RAB34,11.2
PRPF3,11.2
PRELP,11.2
PPAT,11.2
PLSCR1,11.2
PGBD1,11.2
PANK1,11.2
PAICS,11.2
NPL,11.2
NEK8,11.2
MUTYH,11.2
IRAK2,11.2
INSM1,11.2
IL1RAP,11.2
IARS2,11.2
HS2ST1,11.2
HELT,11.2
GRIK5,11.2
GLDN,11.2
GATAD1,11.2
FGD6,11.2
ETAA1,11.2
DPH5,11.2
CDC5L,11.2
BPNT1,11.2
ATP6V0A1,11.2
ZNF776,11.1
ZCCHC3,11.1
YBX3,11.1
VRK2,11.1
TSGA10,11.1
TNNC1,11.1
TMEM210,11.1
TAS2R14,11.1
SYTL2,11.1
SH3GLB2,11.1
SEMA3G,11.1
SCHIP1,11.1
RRAS2,11.1
PVR,11.1
POM121,11.1
NT5DC4,11.1
NNAT,11.1
NFKB1,11.1
MSH6,11.1
MPHOSPH6,11.1
MIGA2,11.1
MAT2B,11.1
LSM8,11.1
LRRC26,11.1
KIF2C,11.1
KIF14,11.1
GDPD5,11.1
FAM174B,11.1
DNAJC13,11.1
DERA,11.1
CENPC,11.1
CACNA1S,11.1
C2orf15,11.1
C20orf96,11.1
BTG2,11.1
BLCAP,11.1
BAZ2B,11.1
ASCL5,11.1
ZNF589,11.0
ZBTB43,11.0
WWOX,11.0
TSPAN1,11.0
TRIM72,11.0
TMEM201,11.0
TFEB,11.0
TAX1BP1,11.0
SPON1,11.0
SKIL,11.0
SHISA4,11.0
RHOD,11.0
PYDC1,11.0
PRDX4,11.0
PAIP1,11.0
P3R3URF-PIK3R3,11.0
P3R3URF,11.0
OSGIN2,11.0
NTSR1,11.0
NR2F1,11.0
NEK4,11.0
MDM2,11.0
MATN2,11.0
MAP3K14,11.0
ITIH1,11.0
HID1,11.0
GTF3C2,11.0
FOXO6,11.0
FKBP11,11.0
DDX19A,11.0
CHAMP1,11.0
CHADL,11.0
CDR2L,11.0
CAST,11.0
ARL2,11.0
ARHGAP27,11.0
AIP,11.0
ZNF627,10.9
ZNF608,10.9
ZDHHC22,10.9
WDR92,10.9
VDAC2,10.9
UGT2B7,10.9
TMIE,10.9
TMEM14B,10.9
SLC51B,10.9
SH2D1B,10.9
SCO1,10.9
RNF149,10.9
RMND1,10.9
RAD50,10.9
RAB1A,10.9
PNO1,10.9
PLXNB1,10.9
NUDT13,10.9
NR5A2,10.9
NPHP3,10.9
NHSL1,10.9
MTRES1,10.9
MTFR1L,10.9
MRPS28,10.9
MED28,10.9
KNTC1,10.9
KDM6B,10.9
KAT8,10.9
JRKL,10.9
ILRUN,10.9
HSH2D,10.9
GOLM2,10.9
FARSB,10.9
FAM241B,10.9
FAM220A,10.9
ECSIT,10.9
DDC,10.9
CNN1,10.9
CDC25A,10.9
CCDC82,10.9
CCDC33,10.9
C1RL,10.9
C1orf54,10.9
BNIP3L,10.9
BCKDK,10.9
BBS12,10.9
ARMT1,10.9
ARL15,10.9
APH1A,10.9
ANKRD36B,10.9
ALS2CL,10.9
AKIRIN2,10.9
ADPRM,10.9
ZW10,10.8
ZSCAN2,10.8
ZNF791,10.8
ZNF490,10.8
ZNF417,10.8
XYLB,10.8
USP47,10.8
TTPA,10.8
TNKS,10.8
TAS2R19,10.8
RNF145,10.8
RBM10,10.8
PLPP1,10.8
PFAS,10.8
PDCD2,10.8
PAG1,10.8
NDUFB11,10.8
ITSN2,10.8
IPO7,10.8
HCAR1,10.8
HAS2,10.8
HACD3,10.8
GNAI2,10.8
FAM13B,10.8
ERCC4,10.8
EPC1,10.8
DDX20,10.8
CTSD,10.8
CTC1,10.8
CLDN7,10.8
CLDN25,10.8
CCNO,10.8
CAPZB,10.8
ATOH8,10.8
ANXA3,10.8
ZCRB1,10.7
VPS26A,10.7
VAV1,10.7
UTS2B,10.7
TXLNG,10.7
TMEM43,10.7
SLIRP,10.7
SLC2A1,10.7
SH2D3A,10.7
SGK3,10.7
SCLY,10.7
RPL26L1,10.7
RPL15,10.7
RPL14,10.7
RIOX2,10.7
RBM4B,10.7
PTDSS2,10.7
PRIM1,10.7
PPM1G,10.7
PPHLN1,10.7
PNRC1,10.7
PDE5A,10.7
PDE12,10.7
NR1D2,10.7
NKIRAS1,10.7
NIFK,10.7
MYBL1,10.7
MT2A,10.7
LOXL4,10.7
HPSE,10.7
HOXC9,10.7
HELZ,10.7
HDAC5,10.7
GPX1,10.7
DOCK1,10.7
CLCN5,10.7
CHSY1,10.7
CHCHD4,10.7
CDH7,10.7
CCZ1,10.7
CCDC83,10.7
CCDC50,10.7
BOD1L2,10.7
ARHGAP21,10.7
ANO9,10.7
ALKBH1,10.7
ZNF684,10.6
YY1,10.6
WRAP73,10.6
WDR75,10.6
ULBP1,10.6
UBE2N,10.6
TRIP12,10.6
TRIM41,10.6
TP73,10.6
TGFBR3,10.6
STXBP4,10.6
SRSF9,10.6
SQOR,10.6
SPRY4,10.6
SNRNP48,10.6
POLL,10.6
NPAT,10.6
NAA20,10.6
METTL21A,10.6
MCUR1,10.6
KAAG1,10.6
ITGAV,10.6
GPI,10.6
FBXO36,10.6
FAR2,10.6
FAM184A,10.6
ESD,10.6
ECHDC2,10.6
DPCD,10.6
DENND6A,10.6
DCDC2,10.6
CRACR2A,10.6
COX11,10.6
CCPG1,10.6
C15orf65,10.6
ATM,10.6
ACLY,10.6
TUBAL3,10.5
TM2D2,10.5
THAP11,10.5
TFE3,10.5
SREK1,10.5
SEMA3C,10.5
RPAP1,10.5
RBM26,10.5
PUM1,10.5
NXN,10.5
NFYB,10.5
MYOM3,10.5
MSL2,10.5
LYPLA2,10.5
KIF21A,10.5
ICA1L,10.5
GRB2,10.5
GOSR2,10.5
GOLGA7B,10.5
GLE1,10.5
GALE,10.5
ERGIC2,10.5
EEPD1,10.5
DAGLA,10.5
CHID1,10.5
CCDC120,10.5
CA9,10.5
ANKRD18A,10.5
ALDH9A1,10.5
ADRA1D,10.5
ADAM9,10.5
ZSCAN31,10.4
ZNF224,10.4
ZKSCAN3,10.4
UTP4,10.4
USP54,10.4
TTC1,10.4
TMSB10,10.4
TBP,10.4
STING1,10.4
SMC6,10.4
SLPI,10.4
SLC29A3,10.4
SINHCAF,10.4
SEMG2,10.4
RSL1D1,10.4
REV1,10.4
RAB11FIP1,10.4
PSMB1,10.4
PRORP,10.4
PPP2R3C,10.4
NKX1-1,10.4
NKAIN1,10.4
MORC2,10.4
IDS,10.4
HIVEP2,10.4
HAT1,10.4
GEN1,10.4
ERRFI1,10.4
ELOVL7,10.4
DPY30,10.4
DNAJC1,10.4
DERPC,10.4
CSRP1,10.4
CSF1,10.4
CHTF8,10.4
CHRNA3,10.4
CFAP206,10.4
CEACAM5,10.4
CCDC130,10.4
ABCB10,10.4
ZRANB3,10.3
ZNF585B,10.3
ZNF575,10.3
ZNF383,10.3
UBE2QL1,10.3
U2AF1L5,10.3
U2AF1,10.3
TTC12,10.3
TRIM24,10.3
TOMM5,10.3
TMEM30A,10.3
STRN,10.3
SPCS1,10.3
SFT2D3,10.3
RBM45,10.3
RAPGEFL1,10.3
R3HDM1,10.3
PSRC1,10.3
PPT1,10.3
POLR2H,10.3
PDE11A,10.3
NRXN3,10.3
NCF4,10.3
METRNL,10.3
MAP4K3,10.3
LYVE1,10.3
IMPACT,10.3
IFT46,10.3
HLA-A,10.3
GPR89B,10.3
GLT8D1,10.3
ETHE1,10.3
ERMP1,10.3
ERGIC1,10.3
ENDOD1,10.3
EGR1,10.3
CTDP1,10.3
CRNKL1,10.3
CLCN2,10.3
CFAP61,10.3
BTRC,10.3
ARCN1,10.3
YIPF1,10.2
TMEM54,10.2
SH3TC1,10.2
SH3BGRL2,10.2
RNF135,10.2
RCBTB2,10.2
RBIS,10.2
PRX,10.2
OTUD3,10.2
NME6,10.2
LOC100287896,10.2
LIPT2,10.2
KIF2A,10.2
ITPRID2,10.2
INVS,10.2
HPCA,10.2
HECTD4,10.2
GTF2F2,10.2
FOXD3,10.2
ERP44,10.2
DRAM2,10.2
DOCK8,10.2
CEPT1,10.2
CD2BP2,10.2
CASTOR2,10.2
BCAR3,10.2
WBP4,10.1
UPP1,10.1
UBQLN1,10.1
TUBG1,10.1
TOX2,10.1
TOR3A,10.1
SNX15,10.1
SLC25A3,10.1
SAR1A,10.1
RIOK2,10.1
RETREG3,10.1
RAD23B,10.1
NBPF3,10.1
MEMO1,10.1
MAML2,10.1
MAD2L1,10.1
LAMC1,10.1
KLK15,10.1
IRS1,10.1
IGFBP3,10.1
FAXDC2,10.1
ELF1,10.1
DNAJB4,10.1
DACT3,10.1
CPEB4,10.1
CNOT8,10.1
C1orf210,10.1
ATP2A2,10.1
ASAH2B,10.1
ZNF641,10.0
ZNF527,10.0
ZNF517,10.0
ZNF34,10.0
ZNF142,10.0
VAV3,10.0
TMEM114,10.0
TINF2,10.0
TBC1D12,10.0
STAG1,10.0
SPDL1,10.0
SNX27,10.0
SMYD4,10.0
SLX4,10.0
SLC31A1,10.0
RSRP1,10.0
RPL8,10.0
RPA1,10.0
NEDD8-MDP1,10.0
NEDD8,10.0
GOLGA8Q,10.0
GMPR2,10.0
FNDC1,10.0
FKBP15,10.0
DDX3X,10.0
CUL4B,10.0
C5orf63,10.0
C1orf74,10.0
BCS1L,10.0
ASPH,10.0
APOC3,10.0
APOA1,10.0
AIFM3,10.0
ZNF56,9.9
ZNF544,9.9
ZNF264,9.9
ZNF200,9.9
TLX2,9.9
TANC1,9.9
SRSF5,9.9
SLC38A2,9.9
SLC25A44,9.9
RESF1,9.9
RB1,9.9
PCGF1,9.9
NUB1,9.9
MTNR1A,9.9
MTMR10,9.9
MRFAP1,9.9
MAFA,9.9
LONRF3,9.9
LMBRD1,9.9
LGALS7B,9.9
LBX2,9.9
IQGAP1,9.9
INCA1,9.9
HSPB2,9.9
HRH1,9.9
HES7,9.9
GCNT3,9.9
CTF1,9.9
CRYAB,9.9
CHN2,9.9
CAPN5,9.9
CAMTA2,9.9
C13orf46,9.9
C11orf52,9.9
BTNL8,9.9
BTC,9.9
BCL7C,9.9
ANKRD50,9.9
ALOXE3,9.9
ZNF70,9.8
ZNF503,9.8
WDR5,9.8
VPREB3,9.8
TMED10,9.8
TERF1,9.8
TEF,9.8
TBC1D2B,9.8
SULT6B1,9.8
STX3,9.8
SRC,9.8
SLC25A37,9.8
SIL1,9.8
SGMS2,9.8
RPS27A,9.8
RALBP1,9.8
RABL3,9.8
PTK2,9.8
PPME1,9.8
PKP3,9.8
MOG,9.8
MICU1,9.8
IVNS1ABP,9.8
HEBP2,9.8
H2AB3,9.8
H2AB2,9.8
H2AB1,9.8
GTF2E1,9.8
GPT,9.8
FGF12,9.8
F8A3,9.8
F8A2,9.8
F8A1,9.8
F8,9.8
DGKA,9.8
CSNK1E,9.8
CRK,9.8
CLHC1,9.8
CEP20,9.8
CEBPZOS,9.8
C2CD3,9.8
BCAS2,9.8
AZIN1,9.8
ATP6V0A2,9.8
ZMAT5,9.7
ZBTB37,9.7
XRCC5,9.7
UQCR10,9.7
TEX19,9.7
SRD5A2,9.7
SPDYE6,9.7
SEC23B,9.7
SCEL,9.7
RNF19B,9.7
PTS,9.7
PSMD5,9.7
PRKAA1,9.7
POLR2B,9.7
POGK,9.7
PLAC1,9.7
PIGH,9.7
PCBP4,9.7
PAQR3,9.7
PAK6,9.7
NOA1,9.7
NLRC5,9.7
NDUFS5,9.7
MSX2,9.7
MRPL37,9.7
LOC100289561,9.7
GSAP,9.7
CYB5RL,9.7
CORO1C,9.7
CLASRP,9.7
CCDC74A,9.7
CALN1,9.7
AJAP1,9.7
ADGRE2,9.7
ADARB1,9.7
ZNF286A,9.6
ZNF239,9.6
YIPF6,9.6
WNT5A,9.6
WIPF1,9.6
USP19,9.6
UQCR11,9.6
UBE2D3,9.6
TMEM144,9.6
SIM2,9.6
SEC11C,9.6
RWDD3,9.6
ROR1,9.6
RCOR3,9.6
RAB4A,9.6
PSAP,9.6
PRKCD,9.6
PPP1R27,9.6
NTRK2,9.6
NFATC3,9.6
MYDGF,9.6
MRPL54,9.6
MCRIP1,9.6
KCNK12,9.6
GPR107,9.6
DLGAP5,9.6
C5orf24,9.6
ARFGEF1,9.6
APBA3,9.6
AKNAD1,9.6
ZNF184,9.5
ZBED4,9.5
YPEL3,9.5
TCF7L2,9.5
TBX6,9.5
TAP2,9.5
SPINT1,9.5
SLC35A2,9.5
SHISA3,9.5
SCAPER,9.5
RPL37A,9.5
RNF115,9.5
RALGDS,9.5
PRR14L,9.5
POLR3C,9.5
PIM2,9.5
PEAK1,9.5
PCBP3,9.5
PATL1,9.5
PABPC1L,9.5
MVB12A,9.5
MSRB2,9.5
LYPD6B,9.5
LY6G5B,9.5
KRT31,9.5
KBTBD7,9.5
HMG20A,9.5
GPANK1,9.5
ELAC1,9.5
DEPDC5,9.5
CXCL1,9.5
CSNK2B,9.5
CACUL1,9.5
ZNF839,9.4
XPO5,9.4
TTBK1,9.4
TMEM258,9.4
THAP7,9.4
SH3BGRL3,9.4
SEMA3F,9.4
RPUSD3,9.4
RMDN1,9.4
POLH,9.4
PIAS1,9.4
PDLIM7,9.4
PDCL3,9.4
NMRAL1,9.4
NARS2,9.4
MATR3,9.4
HMOX2,9.4
HLA-DMA,9.4
HIBCH,9.4
HES4,9.4
GIMAP8,9.4
FERMT1,9.4
FEN1,9.4
FAM86B1,9.4
CUL3,9.4
CPNE3,9.4
CLN6,9.4
CC2D1B,9.4
CALML4,9.4
BTAF1,9.4
ARG2,9.4
AQP11,9.4
ANTXR2,9.4
ANKS6,9.4
AKAP10,9.4
ACO1,9.4
ZNF692,9.3
ZNF227,9.3
TLL2,9.3
TIPRL,9.3
TAF1D,9.3
SERAC1,9.3
RXYLT1,9.3
RABEPK,9.3
RAB3C,9.3
PSMC3,9.3
MRAS,9.3
LAMA3,9.3
GTF2H5,9.3
GBE1,9.3
FAM174C,9.3
ELP6,9.3
EBPL,9.3
DAP,9.3
C11orf54,9.3
ZRANB2,9.2
ZMYM1,9.2
ZC3H4,9.2
UCN2,9.2
TNNC2,9.2
TMEM184C,9.2
TERF2IP,9.2
STX19,9.2
STK36,9.2
STK25,9.2
SRRM2,9.2
SNX21,9.2
SETD1B,9.2
RNF25,9.2
RETREG1,9.2
PSCA,9.2
PFKFB4,9.2
MED10,9.2
MARK3,9.2
MAP3K20,9.2
LZTS3,9.2
LOC389602,9.2
LDAH,9.2
KARS1,9.2
JADE3,9.2
H3C12,9.2
FHL2,9.2
FAM81A,9.2
ETFRF1,9.2
ENDOV,9.2
DESI2,9.2
CXCL12,9.2
CORO1A,9.2
ATIC,9.2
AMPH,9.2
ADRA1B,9.2
ACOT11,9.2
ZNF214,9.1
ZBTB2,9.1
VMA21,9.1
TMEM51,9.1
THBS1,9.1
SEL1L2,9.1
RIPK4,9.1
PROSER1,9.1
PRKAG1,9.1
PLPP3,9.1
OXA1L,9.1
OSBPL3,9.1
NPTN,9.1
NLRP14,9.1
NHLRC3,9.1
MRTFA,9.1
MACROD2,9.1
LCOR,9.1
ITPR2,9.1
GATA3,9.1
GALNT12,9.1
EML4,9.1
EFNA4,9.1
CRY1,9.1
CFAP69,9.1
ZBED9,9.0
YAE1,9.0
TSC2,9.0
TRAPPC2,9.0
TMEM205,9.0
TIMM44,9.0
TEX9,9.0
TBCA,9.0
TAOK2,9.0
TAOK1,9.0
SUPT3H,9.0
SPECC1,9.0
SDC1,9.0
RPGRIP1L,9.0
RBL2,9.0
RAB3D,9.0
OFD1,9.0
NTM,9.0
NTHL1,9.0
NFU1,9.0
NFE2L3,9.0
LSM10,9.0
IFT88,9.0
HTRA4,9.0
HPS3,9.0
FTO,9.0
FCMR,9.0
FANK1,9.0
DSE,9.0
CRYBA2,9.0
CREG1,9.0
CEP57L1,9.0
CCDC159,9.0
CCDC125,9.0
ATP10A,9.0
AGO1,9.0
ACTN4,9.0
ZNF28,8.9
ZNF133,8.9
ZBTB14,8.9
USP9X,8.9
UGGT2,8.9
UBA6,8.9
SSB,8.9
SLC35B3,8.9
SIKE1,8.9
SERGEF,8.9
RNF43,8.9
PAQR9,8.9
NME7,8.9
NFKBID,8.9
MANSC4,8.9
LOC400499,8.9
KLHL42,8.9
KCNK5,8.9
HCST,8.9
FBXW11,8.9
EFCAB14,8.9
DDX59,8.9
CRYL1,8.9
CCK,8.9
BLZF1,8.9
AP5B1,8.9
ACSF2,8.9
ZBTB12,8.8
WDR5B,8.8
TMF1,8.8
SLC31A2,8.8
SEC61B,8.8
RTCA,8.8
RASAL2,8.8
POLE4,8.8
PBRM1,8.8
PARP9,8.8
OAT,8.8
OAS3,8.8
MEP1A,8.8
MED17,8.8
MAP3K9,8.8
INSC,8.8
GNL3,8.8
FSD1L,8.8
ERLIN2,8.8
ERLEC1,8.8
EHMT2,8.8
DTX3L,8.8
CDS1,8.8
C2,8.8
ASB3,8.8
ARC,8.8
ALG2,8.8
AGBL2,8.8
ABCC3,8.8
ZNF784,8.7
ZNF251,8.7
ZDHHC7,8.7
VGF,8.7
UBE2D1,8.7
TAF9,8.7
SPATA3,8.7
SLC25A5,8.7
SAE1,8.7
RAD17,8.7
PSMC1,8.7
PPP1R2,8.7
PELO,8.7
PARN,8.7
NRROS,8.7
MSANTD2,8.7
MRPS21,8.7
LRR1,8.7
ITGA1,8.7
GRSF1,8.7
BFAR,8.7
B4GALT1,8.7
ANXA4,8.7
AK6,8.7
AAK1,8.7
ZNF592,8.6
ZNF354B,8.6
TUBB2A,8.6
TFDP2,8.6
TAF1C,8.6
SYPL1,8.6
SUCLG1,8.6
RCOR1,8.6
PSMG4,8.6
POLI,8.6
POLD4,8.6
PLA2G4E,8.6
PIP5K1B,8.6
PATJ,8.6
P3H4,8.6
NUDT9,8.6
MAK,8.6
HNRNPM,8.6
GAREM2,8.6
FKBP10,8.6
FGF4,8.6
EGLN1,8.6
CSRP2,8.6
CHIC2,8.6
CFAP47,8.6
ADAD2,8.6
WLS,8.5
TMEM126A,8.5
TM4SF18,8.5
TEX14,8.5
SYDE2,8.5
SPINK1,8.5
SKIDA1,8.5
RNF169,8.5
RIC8A,8.5
RARA,8.5
RAD51C,8.5
PRKRA,8.5
POU2F1,8.5
PLAA,8.5
PJVK,8.5
NPEPPS,8.5
MLLT10,8.5
METTL24,8.5
LRP2BP,8.5
LCN2,8.5
KRTAP21-2,8.5
IRF2BP1,8.5
IFT74,8.5
EPB41L4B,8.5
DDR1,8.5
CYP26A1,8.5
BET1L,8.5
ANKRD37,8.5
ABI2,8.5
ZMIZ2,8.4
TNK1,8.4
TMX1,8.4
SPG7,8.4
SHPRH,8.4
PPIF,8.4
MEX3B,8.4
HSF4,8.4
GRHL3,8.4
GABBR2,8.4
FLNB,8.4
FANCC,8.4
EFCAB5,8.4
ZNF280D,8.3
ZNF160,8.3
ZDHHC20,8.3
WDR48,8.3
TAB2,8.3
SNX2,8.3
SCN11A,8.3
RSPRY1,8.3
PSME3IP1,8.3
PPIE,8.3
PLXNC1,8.3
PCDH8,8.3
OLIG2,8.3
LRRC8D,8.3
IDH1,8.3
HJURP,8.3
ANXA5,8.3
ALDH2,8.3
ACTB,8.3
ACOT7,8.3
ZNF780A,8.2
ZFYVE9,8.2
UNC5A,8.2
TAF1A,8.2
SPINT2,8.2
RPL36,8.2
RAB30,8.2
PPP1R14A,8.2
NOMO1,8.2
MICOS13,8.2
HSD11B1L,8.2
EPS8L2,8.2
DEAF1,8.2
CLASP2,8.2
CCDC192,8.2
ALG6,8.2
ADPRH,8.2
ZNF814,8.1
ZNF280C,8.1
TAGLN2,8.1
LRRC8B,8.1
KDELR2,8.1
IRF3,8.1
FLT1,8.1
FBXO41,8.1
FASTKD1,8.1
EP300,8.1
EHF,8.1
EGR4,8.1
CLDN1,8.1
BIRC6,8.1
ZSCAN16,8.0
VSIR,8.0
TBC1D30,8.0
RNPS1,8.0
PTP4A3,8.0
ME1,8.0
KANK1,8.0
HSBP1,8.0
H2BC21,8.0
H2AC21,8.0
H2AC20,8.0
GNS,8.0
FOXP4,8.0
CR2,8.0
CD2AP,8.0
CAPN10,8.0
C4orf3,8.0
ABCB6,8.0
ZBBX,7.9
TREX1,7.9
SHISA5,7.9
SACS,7.9
RNF40,7.9
RAE1,7.9
PTP4A1,7.9
MTRNR2L3,7.9
EMC2,7.9
COX5B,7.9
CCDC189,7.9
TAPBPL,7.8
SLC6A17,7.8
RUNDC3B,7.8
RUFY2,7.8
NAMPT,7.8
MINAR1,7.8
LSM11,7.8
LRFN4,7.8
FBL,7.8
EMP1,7.8
CD27,7.8
AZIN2,7.8
ADAM17,7.8
TTLL12,7.7
TGFA,7.7
PADI3,7.7
NSUN3,7.7
HAUS7,7.7
GJD2,7.7
FAM8A1,7.7
DHFR2,7.7
CCDC7,7.7
AUNIP,7.7
ARL2BP,7.7
ABCG2,7.7
TACC2,7.6
SMG9,7.6
RNF168,7.6
MINPP1,7.6
CCDC74B,7.6
AHI1,7.6
WEE1,7.5
THAP3,7.5
GBX2,7.5
DTNA,7.5
DBNL,7.5
ACBD5,7.5
ZNF551,7.4
UBLCP1,7.4
TMEM233,7.4
SMPDL3A,7.4
SMARCC2,7.4
PLA2G4A,7.4
KRTAP3-2,7.4
KRTAP3-1,7.4
FAM76B,7.4
FABP7,7.4
EBAG9,7.4
DTX2,7.4
CRPPA,7.4
CHSY3,7.4
CEP85,7.4
CEP57,7.4
C3orf33,7.4
ADCY1,7.4
TMOD3,7.3
STK11IP,7.3
SLC1A2,7.3
RPS6KA1,7.3
NOTUM,7.3
ITGA3,7.3
CRYZL2P-SEC16B,7.3
ACAT1,7.3
UBXN4,7.2
STAG3,7.2
SIX3,7.2
RCOR2,7.2
GPC2,7.2
GAL3ST4,7.2
DDX17,7.2
CD58,7.2
CAMK2B,7.2
ST6GAL2,7.1
SLC38A10,7.1
PARP10,7.1
LCORL,7.1
KIN,7.1
HARBI1,7.1
GTF2I,7.1
GRINA,7.1
DMRTA1,7.1
C1QTNF8,7.1
ATP5F1C,7.1
ATG13,7.1
ACTR6,7.1
TNIP2,7.0
TMEM170B,7.0
SCD5,7.0
FAM104B,7.0
ZNF157,6.9
ZNF112,6.9
WNK1,6.9
SDR42E1,6.9
IRF2,6.9
DENND1A,6.9
TOR1B,6.8
TEK,6.8
TBR1,6.8
SLC25A24,6.8
PLEKHA1,6.8
PKD1,6.8
NIPSNAP3A,6.8
LATS1,6.8
DEPDC7,6.8
PRKAB1,6.7
P4HA2,6.7
LDLR,6.7
IKBIP,6.7
HKDC1,6.7
ATAD2B,6.7
APAF1,6.7
ANXA7,6.7
ZNF706,6.6
SMIM29,6.6
PRPF4B,6.6
NIPSNAP1,6.6
CAVIN2,6.6
SNX5,6.5
PLAAT2,6.5
MPZL2,6.5
MGME1,6.5
MEF2C,6.5
IMPA2,6.5
EGLN2,6.5
ACVR1,6.5
PLD1,6.4
TYMP,6.3
SCO2,6.3
ODF3B,6.3
ZNF512,6.2
C2orf16,6.2
ARHGEF4,6.2
TFG,6.1
SUN2,6.1
RPS28,6.1
NDUFA7,6.1
MLPH,6.1
WASF3,6.0
EBP,6.0
ZNF780B,5.9
PAX1,5.7
TUBA1A,5.0
